Street_bounding,Name_bounding,Address_bounding,Rating_bounding,Place ID,Latitude_bounding,Longitude_bounding
liberty ave,Emilichka,"4614 Liberty Avenue, Pittsburgh",5.0,ChIJ--McpzzzNIgR7A8dIGZBu9c,40.4621346,-79.95043059999999
42nd st,Earthview Studios,"605 Pittview Avenue, Pittsburgh",5.0,ChIJ-4Dzi6_zNIgRZy4RRW1g_II,40.4738113,-79.9746771
49th St,Jean-Marc Chatellier's French Bakery,"213 North Avenue, Millvale",4.8,ChIJ-5-3DKjzNIgRmnRq71bLZuE,40.48123099999999,-79.974795
penn ave,Polish Eagles Society,"208 Fisk Street, Pittsburgh",4.9,ChIJ-725AE3yNIgRaKfBaozVOKc,40.4689862,-79.9613179
penn ave,York Commons,"4003 Penn Avenue, Pittsburgh",3.5,ChIJ-SRFTEnyNIgRh2GuecKy29c,40.46574820000001,-79.9575601
50th St,Curated Flame,"505 Grant Avenue, Millvale",4.9,ChIJ-WdLXWPzNIgRcT6R7buS6Y4,40.4804326,-79.9742952
liberty ave,Industrius CFO,"4117 Liberty Avenue, Pittsburgh",,ChIJ-Yu9kUjyNIgRDuG3wqPAzZ8,40.46367969999999,-79.95377049999999
liberty ave,eCollect Plus,"804 Fayette Street, Conshohocken",3.0,ChIJ-Yu9kUjyNIgRnRbcZPZDSz8,40.4637138,-79.9538054
Plummer St,Ceney Electronics,"318 Grant Avenue, Millvale",4.2,ChIJ-Zem-KjzNIgR8LmP3mZdmjM,40.479776,-79.97272319999999
penn ave,Phoenix Boutique,"3627 Butler Street, Pittsburgh",4.7,ChIJ-_-tprTzNIgRvqYUNU98OK8,40.4661902,-79.9649519
34th St,Pacific Pride Commercial Fueling,"3225 Smallman Street, Pittsburgh",4.3,ChIJ-_hqBLbzNIgRC9-VHL_nA-A,40.46226590000001,-79.9700751
penn ave,"Dr. Gregory N. Smith, MD","3937 Butler Street, Pittsburgh",,ChIJ-cG-xEzyNIgRaIHKdqAuMr8,40.4689045,-79.9634657
liberty ave,"Beverly J. Gruarin, DPM","4732 Liberty Avenue, Pittsburgh",3.7,ChIJ-cK6FEfyNIgR8PUiV3wyTag,40.46138699999999,-79.94888929999999
39th St,Topographic & Geologic Survey,"500 Waterfront Drive, Pittsburgh",,ChIJ-e-s6bnzNIgRYpKj9SWVW_4,40.46618839999999,-79.97638429999999
Plummer St,Lawrence Locksmith Shop,"316 Grant Avenue, Pittsburgh",1.0,ChIJ-fWjXi_zNIgR051nmPlnsA4,40.47976169999999,-79.9726717
penn ave,Penn Ave + 39th St,United States,5.0,ChIJ-wZzvkvyNIgRgu3cnqvUhec,40.464779,-79.960281
46th St,GPSA INC,"112 Lincoln Avenue, Pittsburgh",4.5,ChIJ-xRtxxbzNIgRvO-5ETxUn98,40.478895,-79.96869199999999
penn ave,Millie's Homemade Ice Cream,"3803 Butler Street, Pittsburgh",4.8,ChIJ-y1mRQ_zNIgR0jQVTxnHryg,40.4670682,-79.96431439999999
butler st,Precise Grinding,"140 46th Street, Pittsburgh",,ChIJ-y5bEvLzNIgRY6pnYs2PiCA,40.47408610000001,-79.9609721
34th St,PeopleReady,"19 35th Street, Pittsburgh",3.1,ChIJ0-QK4C4uNIgRka4iiu5OzR4,40.4660929,-79.9705912
liberty ave,Bloomfield Park,"408 Ella Street, Pittsburgh",4.4,ChIJ00zxaEjyNIgRAmIQw4o3bx4,40.46288860000001,-79.95391219999999
butler st,Renaissance & Baroque,"100 43rd Street, Pittsburgh",,ChIJ03YddW7yNIgRhFTGUs8xFQ0,40.4728608,-79.9638889
46th St,United States Postal Service,"205 Lincoln Avenue, Millvale",2.4,ChIJ073rnanzNIgR20njvRuMhDk,40.4794674,-79.9707229
penn ave,Santurbane Photography,"4018 Penn Avenue, Pittsburgh",,ChIJ07HCR6jzNIgRqpgRNIT8ov4,40.4651819,-79.9571503
52nd st,Veterans Place of Washington Boulevard,"25 Bateman Street Apartment 4, Pittsburgh",,ChIJ083apoDzNIgR96ZHfxzZKng,40.4806974,-79.97856879999999
butler st,Parker Button Co,"4603 Butler Street, Pittsburgh",4.2,ChIJ09YbR2nxNIgRHcxJerzONtI,40.4730732,-79.9589182
liberty ave,Bloomfield Lofts,"Edmond Street, Pittsburgh",,ChIJ0R5bN0fyNIgRPwagLfkMFEE,40.4612999,-79.94781429999999
liberty ave,Clement Way Graffiti Alley,"Clement Way, Pittsburgh",5.0,ChIJ0RD2-WfzNIgRl4pA4Auo4S4,40.463838,-79.95373579999999
penn ave,Burghers Brewing Company Lawrenceville Tap House,"3601 Butler Street, Pittsburgh",4.2,ChIJ0TkalrTzNIgR3WQ1VOvp8Jg,40.46550839999999,-79.9653805
butler st,Mix Candle Co Lawrenceville,"4409 Butler Street, Pittsburgh",4.7,ChIJ0UHfElLyNIgR4lBVX8eXhoc,40.4718971,-79.9597418
48th St,Mr. Smalls Recording and Mastering,"122 Butler Street, Pittsburgh",4.6,ChIJ0WWKHQX0NIgRzv58VQAAsvI,40.48032020000001,-79.972236
liberty ave,First National Bank,"4724 Liberty Avenue, Pittsburgh",3.8,ChIJ0WyPEkfyNIgR8w5NG4mGAWY,40.4614324,-79.9492944
liberty ave,Bloomfield,Pittsburgh,,ChIJ0X4ZRUHyNIgRDG3KutmxB2g,40.4621606,-79.94445259999999
penn ave,Tugboat Printshop,"298 Bowery Way, Pittsburgh",5.0,ChIJ0XBFmU7yNIgRZyWnnuwbQaI,40.467453,-79.9579653
penn ave,LibertyX Bitcoin ATM,"3822 Butler Street, Pittsburgh",,ChIJ0e4OinjzNIgRgAUW-Q6AA1I,40.4671488,-79.96388089999999
liberty ave,"Dr. Subramaniam Palanisamy, MD","4520 Penn Avenue, Pittsburgh",5.0,ChIJ0x5S6EXyNIgRwDvCnPVu4R8,40.4659913,-79.9515885
butler st,Cattivo,"146 44th Street, Pittsburgh",4.5,ChIJ0yg081LyNIgR1f3iUqlu3Pw,40.4725388,-79.9616418
penn ave,Wildcard,"4209 Butler Street, Pittsburgh",4.9,ChIJ0zMjhU3yNIgRccfYAk4oczI,40.4705707,-79.96065329999999
penn ave,Family Hospice,"310 Fisk Street, Pittsburgh",4.0,ChIJ10Mbrk7yNIgRP-Iuj0piOmU,40.4659797,-79.9579565
penn ave,UPMC Senior Communities,"200 Lothrop Street, Pittsburgh",1.0,ChIJ10Mbrk7yNIgRgbUmm4DS3c4,40.4657723,-79.9580991
penn ave,Arsenal Elementary School,"215 39th Street, Pittsburgh",4.5,ChIJ11k5t0zyNIgRYJWd4k3S-W8,40.46713749999999,-79.96302949999999
butler st,Bar Botanico,"4325 Butler Street, Pittsburgh",4.7,ChIJ13QMk5bzNIgRAucYjlY8NM4,40.47136829999999,-79.9601177
liberty ave,Thai Gourmet,"4505 Liberty Avenue, Pittsburgh",4.7,ChIJ157INUbyNIgRIdYcEKwlsxk,40.463207,-79.95149800000002
penn ave,"Dialysis Clinic, Inc.","376 Fisk Street, Pittsburgh",,ChIJ18_DMZXzNIgRNtN56mL4wj4,40.4656954,-79.9573672
butler st,Keystone Vapors Lawrenceville,"4328 Butler Street, Pittsburgh",3.9,ChIJ1RNoC1LyNIgRpmnKRVfcOe0,40.4713332,-79.9597467
48th St,First National Bank,"420 Grant Avenue, Pittsburgh",3.9,ChIJ1T-6XKjzNIgR8261qkkFhTg,40.4804116,-79.9737291
butler st,D'Alessandro Funeral Home & Crematory Ltd.,"4522 Butler Street, Pittsburgh",4.4,ChIJ1YilJlLyNIgR7Qical_yIzw,40.4725189,-79.9586345
liberty ave,Tessaro's American Bar & Hardwood Grill,"4601 Liberty Avenue, Pittsburgh",4.5,ChIJ1a5WTUbyNIgRjZqErFhIgMQ,40.4627075,-79.9507294
butler st,Estelle S. Campbell - Boys & Girls Club of Western PA,"4600 Butler Street, Pittsburgh",4.6,ChIJ1dvMgFHyNIgRpIdt5U0t_Z4,40.47305230000001,-79.9580667
39th St,Pittsburgh Paddlefish Dragon Boat Club,"90 River Front Drive, Millvale",5.0,ChIJ1eTwY7DzNIgRKlHSdbdUbJQ,40.469845,-79.9746558
butler st,KShu Media - Video Editing and Photo Editing,"149 43rd Street #2, Pittsburgh",5.0,ChIJ1ew6n4TzNIgROaSRamG4xn4,40.4718503,-79.9617377
penn ave,Bestwick Auto Services,"3520 Butler Street, Pittsburgh",4.6,ChIJ1z0O5rTzNIgRkFYg-zOqDes,40.46454459999999,-79.9656675
Plummer St,The Funhouse at Mr. Smalls,"400 Lincoln Avenue 2nd floor, Millvale",4.6,ChIJ1zoGtanzNIgRx1pZ87DeHl4,40.48096570000001,-79.9722912
liberty ave,Mosaic Dance and Movement Studio,"4514 Liberty Avenue, Pittsburgh",5.0,ChIJ21-T70nzNIgR6MYuX6BUIJw,40.4627058,-79.9514454
45th St,"Naushin A. Udyawar, MD","111 Sheridan Street, Pittsburgh",,ChIJ21Ej5AbzNIgRmz5IY6Lj7cc,40.4790076,-79.97099299999999
48th st,Christman Chemical Co. Inc.,"One Sheridan Street, Millvale",,ChIJ22PRK6nzNIgR3BmittpFzik,40.4773719,-79.9718496
butler st,Attack Theatre,"212 45th Street, Pittsburgh",4.5,ChIJ23Frx8TzNIgRhpVoOyGa7g0,40.4718797,-79.9591766
49th St,Ray Feather Photography,"517 Lincoln Avenue, Pittsburgh",,ChIJ24kbPqjzNIgRnXZWVrq8zQI,40.4813842,-79.9742095
liberty ave,H Lazar & Son Inc,"4416 Liberty Avenue #20, Pittsburgh",3.0,ChIJ24ynLkbyNIgRwfB9ij39EHw,40.4631643,-79.9524392
butler st,La Gourmandine,"4605 Butler Street, Pittsburgh",4.8,ChIJ2RmULlLyNIgRiyhyWkajxPI,40.4731288,-79.9588764
liberty ave,Citizens ATM,"4401 Liberty Avenue, Pittsburgh",,ChIJ2VY10NDzNIgRcoqwFnRf-K0,40.46418070000001,-79.9522332
liberty ave,Rite Aid,"4411 Howley Street, Pittsburgh",3.9,ChIJ2X-6IEbyNIgRScR3KfAELy4,40.464548,-79.95261099999999
42nd St,"Daniels Electric Service, LLC","329 East Ohio Street, Pittsburgh",4.1,ChIJ2bM3_avzNIgREIiBT-nRV9Q,40.4775454,-79.9694912
penn ave,Hyacinth Epp Hall,"224 37th Street, Pittsburgh",,ChIJ2f5UV_nzNIgRHEBRsb31w5E,40.46560179999999,-79.96415379999999
mccandless ave,Vecenie's Distributing Co,"140 North Avenue, Millvale",4.9,ChIJ2y6TJqnzNIgRWfviOQbxNCI,40.4807191,-79.97494859999999
liberty ave,Event Source - Pittsburgh,"4047 Liberty Avenue, Pittsburgh",4.3,ChIJ2zGQ_kjyNIgRHiJWGa_y38k,40.4633816,-79.9554302
penn ave,"Christine Healy, Pittsburgh Realtor with RE/MAX Real Estate Solutions","4020 Butler Street, Pittsburgh",5.0,ChIJ3091EEvzNIgR34IwhOtr83k,40.4691015,-79.9614952
mccandless ave,Laundromat,"521 Grant Avenue, Millvale",3.8,ChIJ30rQdqjzNIgR4s-ehYZ5bbU,40.4807503,-79.9749121
penn ave,Party On Butler,"4304 Butler Street, Pittsburgh",4.9,ChIJ31rV7MbtNIgRcTL7nd0lmqY,40.4707549,-79.9600786
liberty ave,TMC Performance Products,"4040 Liberty Avenue, Pittsburgh",,ChIJ3S7Fq0nyNIgRkkfThyIy0BY,40.4628021,-79.9559531
34th St,BearCom,"3229 Spruce Way, Pittsburgh",4.3,ChIJ3W2bIj3zNIgReXUKaiTVJR4,40.4624513,-79.97060700000002
Butler St,Allegheny Cemetery,"4734 Butler Street, Pittsburgh",4.8,ChIJ3WER90PyNIgR52OGokXT6ZA,40.47497200000001,-79.957413
penn ave,Ethereal Studio,"3700 Penn Avenue, Pittsburgh",5.0,ChIJ3dsThXrzNIgR3csqgx0rTJo,40.4642777,-79.9623491
45th St,Maude's Paperwing Gallery,"142 Grant Avenue FL 2, Millvale",4.9,ChIJ3fYPbXXtNIgR2DMgv-az8dM,40.4786674,-79.9706676
penn ave,Lawrenceville Lofts,"3711 Butler Street, Pittsburgh",,ChIJ3wj9VrPzNIgR8nsGGVhhlFs,40.4666344,-79.9645681
Penn Ave,Marbella Event Furniture and Decor Rental,"3600 Liberty Avenue, Pittsburgh",,ChIJ3wrxq0ryNIgR-6FqZgtMzCg,40.4616342,-79.9637588
butler st,Agility Robotics,"91 43rd Street Suite 220, Pittsburgh",5.0,ChIJ3xiKDLbzNIgRLpWxW-a5Fqw,40.473351,-79.963422
penn ave,Pure imagination,"4415 Garwood Way, Pittsburgh",5.0,ChIJ3y9eNwDzNIgREa_SdARJ6zM,40.46846720000001,-79.9547787
penn ave,Otto Productions,"300 39th Street suite c, Pittsburgh",5.0,ChIJ4-LInkvyNIgR2i-vvBgrerg,40.4650852,-79.9609206
Butler St,Cutitta Chiropractic,"4733 Butler Street, Pittsburgh",4.8,ChIJ41BeW1HyNIgR4sPbtKeMxyQ,40.4750307,-79.9578374
penn ave,Rubber Products Tire Co,"3810 Penn Avenue, Pittsburgh",3.9,ChIJ42rmCUvyNIgRLJ0BW5dYKLs,40.46456989999999,-79.9610421
butler st,Redfishbowl,"4327 Butler Street #200, Pittsburgh",4.9,ChIJ45zPpBDzNIgRIskaArQO6d4,40.471468,-79.9600765
penn ave,Anderson David A DDS,"4201 Butler Street, Pittsburgh",3.0,ChIJ47JSmk3yNIgRrjw_C5ehFZI,40.4703353,-79.9606903
Stanton Ave,Millvale Market,"524 Grant Avenue Floor 1, Millvale",4.6,ChIJ47pOfZPzNIgRY_j6yEEmhLA,40.4810875,-79.97467499999999
liberty ave,ALANZOS DISTRIBUTOR,"4614 Liberty Avenue Floor #2, Pittsburgh",,ChIJ49gmqUfyNIgRrwTIq6TNGJo,40.4622132,-79.9503354
34th St,LibertyX Bitcoin ATM,"86 35th Street, Pittsburgh",,ChIJ4Qz2p8DzNIgRR_HId-uBxP8,40.46428969999999,-79.9704762
penn ave,Morcilla,"3519 Butler Street, Pittsburgh",4.7,ChIJ4SrQ-rTzNIgRBCWal8EzERk,40.4645709,-79.9661648
penn ave,Loft Home,"3529 Butler Street, Pittsburgh",4.9,ChIJ4VVaiC_zNIgRQQ3j_HOE1hk,40.4649071,-79.9659728
liberty ave,Matotek Louise,"4760 Liberty Avenue, Pittsburgh",,ChIJ4a0_RkfyNIgRBigEvMAkQXQ,40.460845,-79.948054
liberty ave,Los Cabos Mexican Restaurant,"4110 Penn Avenue, Pittsburgh",4.3,ChIJ4at4NE_yNIgRDPjJG9F_BQQ,40.465667,-79.95455
liberty ave,Isle of You Hair Color Studio,"4047 Penn Avenue, Pittsburgh",4.7,ChIJ4b88t1fyNIgRAxq_boM1euM,40.46568389999999,-79.9561717
liberty ave,"Roxana F. Barad, M.D.","4424 Penn Avenue #102, Pittsburgh",2.3,ChIJ4wauT8_vNIgR5xdFlJ9SGTs,40.465907,-79.952608
Plummer St,"Pretty Birds, LLC","425 Grant Avenue, Pittsburgh",4.7,ChIJ4wbcYKjzNIgRW_UNp7EhlvQ,40.4800787,-79.9740151
44th St,Contractor Plumbing Supply,"419 East Ohio Street Lot Side, Millvale",5.0,ChIJ5-y5TgnzNIgRJbE7Rge4WYg,40.47820410000001,-79.969199
44th St,MoneyGram,"129 Lincoln Avenue, Swissvale",4.0,ChIJ504DZKnzNIgRx4gDuBu9c0A,40.4785906,-79.97001910000002
stanton ave,Bore-Millvale Athletic Field,Millvale,5.0,ChIJ50Up_KbzNIgRrzq_JRJcRME,40.480069,-79.9783862
penn ave,LibertyX Bitcoin ATM,"3939 Butler Street, Pittsburgh",,ChIJ51YRg_rzNIgRzTFGQ08-KhY,40.4690468,-79.96329089999999
liberty ave,Condrin Tavern,"4501 Torley Street, Pittsburgh",4.8,ChIJ51ZZeUbyNIgR2bSGde-0wMA,40.4648698,-79.9505188
Liberty Ave,Trailer Rental at U-Haul,"3700 Bigelow Boulevard, Pittsburgh",4.5,ChIJ54xeI2TzNIgRDBPRGuNxNBA,40.4576139,-79.95653080000001
penn ave,Deli on Butler,"4108 Butler Street, Pittsburgh",4.7,ChIJ55rQBU3yNIgRzoL6N8HVv_4,40.469666,-79.96094409999999
50th St,Reserve Township Office,"33 Lonsdale Street # 2, Pittsburgh",3.0,ChIJ57DZaqPzNIgR7onxVzonBs8,40.4741355,-79.98256479999999
49th St,Reserve Volunteer Fire Department,"33 Lonsdale Street, Pittsburgh",5.0,ChIJ57DZaqPzNIgRQHDhapTDvhw,40.4743828,-79.9822758
penn ave,Oasis Restaurant,"4012 Butler Street, Pittsburgh",4.3,ChIJ58X5w67zNIgRLny0vnJKViM,40.4688893,-79.9616618
butler st,Techmill 41,"105 40th Street, Pittsburgh",3.5,ChIJ5RbhtjDzNIgRLZioFwQ-Cy8,40.4715778,-79.9649063
butler st,Steven Dalton Photography,"265 46th Street Apt. 1212, Pittsburgh",5.0,ChIJ5S5miMdjM4gR40fBCaHxOMg,40.4716649,-79.95629799999999
butler st,"SKIBBA Illustration, LLC","100 43rd Street #211, Pittsburgh",,ChIJ5SDBc1LyNIgRiHUbiyZsiV4,40.47292399999999,-79.96394699999999
34th St,Pittsburgh Kitchenramma,"3340 Smallman Street, Pittsburgh",3.8,ChIJ5TTlwbXzNIgRVdAnHTB5nSk,40.4628416,-79.968384
penn ave,Piccolo Forno,"3801 Butler Street, Pittsburgh",4.5,ChIJ5UoaTrPzNIgR67C6D3W0d-M,40.4670037,-79.9643576
penn ave,St Augustine Friary,"221 36th Street, Pittsburgh",5.0,ChIJ5X-jt7TzNIgRkqPH359i-yg,40.46538679999999,-79.9648062
penn ave,Lawrenceville Market House,"4112 Butler Street, Pittsburgh",4.5,ChIJ5YiScLDzNIgRvJZB7KdJLOs,40.4698584,-79.9606885
penn ave,Pulchra,"3505 Butler Street, Pittsburgh",3.7,ChIJ5ZZqmLXzNIgRu7tBBODSjqs,40.46422719999999,-79.96640459999999
48th St,Safety Guard Steel Fabricating Shop,"220 Lincoln Avenue, Millvale",,ChIJ5_eR2qvzNIgR805d9Qb3c68,40.4801261,-79.9709302
penn ave,"New Ivy Group, LLC","c/o Beauty Shoppe, 3706 Butler Street, Pittsburgh",,ChIJ5_op62DzNIgRpcogo31IXnc,40.4663709,-79.9643997
butler st,Lawrenceville Corporation,"100 43rd Street #208, Pittsburgh",4.8,ChIJ5bNuyVLyNIgRHvWACuGYilI,40.4729243,-79.96394649999999
penn ave,Modern Fertility Care,"3706 Butler Street, Pittsburgh",5.0,ChIJ60gxMBPzNIgRxqErUcMTIIs,40.4663709,-79.9643997
butler st,Raise Fitness,"212 44th Street, Pittsburgh",5.0,ChIJ62-BX47zNIgRbXg2pl6Yz0E,40.471189,-79.9595354
penn ave,LOYALTY ENTERTAINMENT ️,"3441 Butler Street, Pittsburgh",5.0,ChIJ6202DVZbNIgRF2gsd4mgpm8,40.4639279,-79.9666713
Liberty Ave,Talking Computers,"4736 Penn Avenue, Pittsburgh",,ChIJ64kL-0PyNIgRh5lMNt6jbpU,40.4652856,-79.94670409999999
butler st,New Amsterdam,"4421 Butler Street, Pittsburgh",4.1,ChIJ66LSFVLyNIgRtZXizJSCCGk,40.472149,-79.95953
butler st,Radiant Hall Studios,"4514 Plummer Street, Pittsburgh",4.9,ChIJ67P1TFLyNIgRxyaJykqO1bo,40.4734789,-79.9603211
45th St,"Tricia R Sorg, Esquire","201 Grant Avenue Floor 1, Millvale",3.8,ChIJ67llFKnzNIgRiezwasCKXhw,40.4786274,-79.97123669999999
penn ave,Steel House Cycle,"4100 Butler Street, Pittsburgh",4.9,ChIJ67ttM6LzNIgRW-EmOTNRjuY,40.469382,-79.96105299999999
penn ave,Constellation Coffee,"4059 Penn Avenue, Pittsburgh",4.6,ChIJ6RYU1U7yNIgRW5lPuLNmkNQ,40.4657597,-79.95576009999999
penn ave,St Augustine's Plaza,"230 36th Street, Pittsburgh",3.2,ChIJ6RdPzLTzNIgRKf6N2ZjNgNY,40.464839,-79.9644769
liberty ave,"Dr. Amanda Lovallo, MD","4401 Penn Avenue, Pittsburgh",,ChIJ6XMqTE_yNIgR0wc3KYT_9Y8,40.4661227,-79.9533866
liberty ave,Pediatric Primary Care Center: Artman Jamie,"4401 Penn Avenue # 5643, Pittsburgh",,ChIJ6XMqTE_yNIgR5yYKb2DcB2k,40.4660999,-79.95351959999999
liberty ave,Vitale Melissa A MD,"4401 Penn Avenue # 2400, Pittsburgh",,ChIJ6XMqTE_yNIgRggMCI4Lzi6c,40.4660311,-79.95402519999999
liberty ave,"Dr. Vincent F. Deeney, MD","4400 Penn Avenue, Pittsburgh",,ChIJ6XMqTE_yNIgRsC5gFlHkuis,40.46578559999999,-79.953301
penn ave,Our Lady of the Angels Parish,"333 45th Street, Pittsburgh",4.4,ChIJ6YTkSk7yNIgRuQKmmFEvJjs,40.4699635,-79.9558283
butler st,Rogue Tattoo,"4319 Butler Street. (rear entrance On, Eden Way, Pittsburgh",4.8,ChIJ6daqElLyNIgRfU6xVXeOaAk,40.4712982,-79.9603424
liberty ave,Wai Wai - Bloomfield,"4717 Liberty Avenue, Pittsburgh",3.9,ChIJ7-YJEEfyNIgRO0lw1eHhKwM,40.462008,-79.949185
butler st,Mauney Doty L,"145 44th Street, Pittsburgh",3.7,ChIJ73MZ9lLyNIgRfdh9L2Bp-Rk,40.47284570000001,-79.9612628
44th St,Grant Bar Inc,"114 Grant Avenue, Pittsburgh",4.5,ChIJ75smXqnzNIgR1Vqf98Bd5vQ,40.4782667,-79.9697429
penn ave,FedEx Drop Box,"449 44th Street, Pittsburgh",,ChIJ76O60YXzNIgRHLHaF4zGcbE,40.4675479,-79.9537849
penn ave,Dr. Emil Nutrition,"3700 Butler Street, Pittsburgh",4.9,ChIJ78U0kQrzNIgRl_MfelOHRmY,40.4662644,-79.9644211
penn ave,"Amy Letteri, PhD","4117 Penn Avenue, Pittsburgh",,ChIJ79iIshXzNIgReoAtt4MhMMs,40.4659347,-79.95472459999999
penn ave,CDC Hauling LLC,"4407 Davison Street, Pittsburgh",5.0,ChIJ7Q1oLY3zNIgR5gZoe7Udol4,40.4702443,-79.95772939999999
liberty ave,Froggy's Bar,"4602 Liberty Avenue, Pittsburgh",4.3,ChIJ7VpHEHHzNIgRYmA5WPouG68,40.46249189999999,-79.9508676
45th St,Millvale Community Library,"213 Grant Avenue, Millvale",4.7,ChIJ7ZfwEKnzNIgRMhgYM2mQZ9M,40.4788536,-79.9716107
penn ave,Studio 725 Hair Boutique,"First floor, 3538 Butler Street, Pittsburgh",4.5,ChIJ7_blwbTzNIgRy1heacfI8F4,40.4649929,-79.9653896
mccandless ave,Somers Creative Group,"143 Howard Street, Pittsburgh",,ChIJ7bnFL5fzNIgRkMyauF5kvqA,40.4809712,-79.9752638
liberty ave,Mooney William E MD,"4416 Penn Avenue, Pittsburgh",,ChIJ7cAjVk_yNIgR32EEe5gxiRM,40.46582009999999,-79.9528495
liberty ave,Shepherd Wellness Community,"4800 Sciota Street, Pittsburgh",4.5,ChIJ7dBnqjjyNIgRc50b6sPU6IQ,40.4596193,-79.9473668
butler st,Fancypants Popcorn,"4323 Butler Street, Pittsburgh",4.8,ChIJ7fDNYLTzNIgRwuhPnVkljpg,40.4713449,-79.96019129999999
penn ave,Pittsburgh Fire Bureau Station 6,"3958 Penn Avenue, Pittsburgh",5.0,ChIJ7fEjXEnyNIgRRa01PU_r0LY,40.46488489999999,-79.958049
liberty ave,Mitchell Joan,"4727 Friendship Avenue # 240, Pittsburgh",,ChIJ7yG670XyNIgR1NJJT_zfXYM,40.4632342,-79.94816809999999
liberty ave,"Sherie L. Scarnati, CRNP","4727 Friendship Avenue, Pittsburgh",,ChIJ7yG670XyNIgRSHvOzwGUU14,40.4632342,-79.94816809999999
liberty ave,Armanious Christina D MD,"4727 Friendship Avenue Suite 200, Pittsburgh",,ChIJ7yG670XyNIgRbFxgQsXTrvQ,40.4632342,-79.94816809999999
butler st,Stone + Sparrow Studio,"100 43rd Street Suite 205, Pittsburgh",5.0,ChIJ7ygcK5ztNIgRa2fBDfPLrfc,40.4729243,-79.96394649999999
penn ave,Kickback Pinball Cafe,"basement, 4112 Butler Street, Pittsburgh",4.6,ChIJ81YsC1LyNIgRRnRiwcOybnk,40.4698275,-79.9606481
liberty ave,Bloomfield Automotive & Auto Sales Inc.,"3959 Neville Street, Pittsburgh",,ChIJ83_N6UnyNIgRo-Mu1uGrpQk,40.461537,-79.957078
mccandless ave,McGrath Medical,"141 Howard Street, Pittsburgh",,ChIJ84JIssXzNIgRr5drUFb-zMI,40.4809356,-79.975306
Plummer St,Fox's Pizza Den,"401 Grant Avenue, Pittsburgh",4.2,ChIJ87dkzcTzNIgRQ_0EH32O5gc,40.4797981,-79.9732545
52nd st,"Dr. George R. Sitterle, DDS","820 Stanton Avenue, Pittsburgh",2.2,ChIJ88Tjp53zNIgRKm3jvdErm34,40.4805543,-79.9793942
liberty ave,Clothes Minded,"4740 Liberty Avenue, Pittsburgh",4.3,ChIJ8TC8akfyNIgRPWW81WSS_ak,40.4612565,-79.9486541
penn ave,New Bethel Baptist Church,"221 43rd Street, Pittsburgh",4.6,ChIJ8Txz7U3yNIgR-pdl4uUpMa0,40.47046030000001,-79.9596712
liberty ave,It's Kleen Time Car Wash,"4060 Woolslayer Way, Pittsburgh",4.5,ChIJ8VwofHDzNIgRcHWO53dg6Qw,40.4650492,-79.9554612
penn ave,Bill Ballon Automotive Independent BMW Automobile Specialists,"164 39th Street, Pittsburgh",4.1,ChIJ8XWOJLPzNIgRUNvRF44Bk6c,40.4684204,-79.96502129999999
penn ave,T's Upholstery Studio,"3611 Butler Street, Pittsburgh",4.2,ChIJ8_Q_vbTzNIgRr9aQH9cEWzk,40.46576789999999,-79.9652691
penn ave,CLP Lawrenceville,"279 Fisk Street, Pittsburgh",,ChIJ8_dLNJnzNIgRrT09SSVh0_4,40.4675773,-79.9590953
penn ave,PrintWithMe Print Kiosk at Ineffable CaPhe,"3920 Penn Avenue, Pittsburgh",,ChIJ8dlF5W3zNIgR04T3ZkuSXNg,40.4646759,-79.9593124
liberty ave,White Whale Bookstore,"4754 Liberty Avenue, Pittsburgh",4.8,ChIJ8z0fR0fyNIgRujuROd2LhKo,40.461023,-79.9482606
penn ave,Round Corner Cantina,"3720 Butler Street, Pittsburgh",4.3,ChIJ8zAcVLPzNIgRhsHbKaVgfnM,40.466703,-79.964259
37th St,Attorney General Env Crimes,"400 Waterfront Drive, Pittsburgh",,ChIJ8zTv4LnzNIgR42Zewll5EWI,40.4659736,-79.9756268
34th St,Strip Self Storage,"116 34th Street, Pittsburgh",4.3,ChIJ9-5o2bXzNIgRy3pEJuw9mFs,40.4632423,-79.9694943
liberty ave,Salon DeMarzano,"4764 Liberty Avenue, Pittsburgh",4.5,ChIJ9-KJo0fyNIgRVS_VLbjdOaA,40.460884,-79.947964
liberty ave,APTEKA,"4606 Penn Avenue, Pittsburgh",4.7,ChIJ9Q1kJUTyNIgRuvW9f60WFmI,40.46575,-79.94929719999999
52nd st,Northern Area (Millvale) Boys & Girls Club of Western PA,"100 Howard Street, Millvale",5.0,ChIJ9QjhKKbzNIgRKt8aAG977OQ,40.48033039999999,-79.9764486
liberty ave,ATM,"4617 Liberty Avenue, Pittsburgh",,ChIJ9RuVqkfyNIgR7To62HqnQAg,40.4625621,-79.9501715
liberty ave,Lot 17,"1922, 4617 Liberty Avenue, Pittsburgh",4.5,ChIJ9RuVqkfyNIgRkMqRFmij0AE,40.4624552,-79.9502692
39th St,Three Rivers Boat Rental,"101A Bridge Street, Millvale",4.4,ChIJ9TRXUVzzNIgRoC6daXW6keY,40.4759885,-79.9685157
liberty ave,Albanese Real Estate Inc,"4020 Liberty Avenue, Pittsburgh",,ChIJ9Xx9pUnyNIgRUwJLk9eKPkc,40.4628352,-79.9564335
34th St,Charlotte Dumpster Rental Pittsburgh,"3410 Charlotte Street, Pittsburgh",,ChIJ9YA93pzzNIgRSskQihezNr0,40.4632478,-79.9677706
butler st,Banh Mi & Ti,"4502 Butler Street, Pittsburgh",4.7,ChIJ9b8gGVLyNIgRZyoRQ5by93c,40.4721765,-79.95905599999999
liberty ave,"Dr. Raj A. Narayan, MD","340 Pearl Street, Pittsburgh",2.2,ChIJ9c0JmkfyNIgRPRu2YRSMDiE,40.461142,-79.9509063
liberty ave,Hammer-Mann Designwerks,"431 Dargan Street, Pittsburgh",5.0,ChIJ9eOYxW3yNIgRucjj5X3Zf3s,40.4613826,-79.9540572
Penn Ave,Byham House,"3501 Liberty Avenue, Pittsburgh",5.0,ChIJ9fqUT7XzNIgRRWe82b_5ChY,40.4619632,-79.9646154
penn ave,Geppetto Cafe,"4121 Butler Street, Pittsburgh",4.7,ChIJ9y_Onk3yNIgRg1Zzijr0ge4,40.47008049999999,-79.9609069
penn ave,Parklet,"3526 Butler Street, Pittsburgh",3.2,ChIJ9yfu6LTzNIgRWizDxMf70Ek,40.46475040000001,-79.9656509
penn ave,The Laundry Club,"3824 Penn Avenue, Pittsburgh",4.5,ChIJ9zdNC8_zNIgRr-Nlc7gcLi0,40.4646096,-79.9605157
liberty ave,Baby Loves Tacos,"4508 Liberty Avenue, Pittsburgh",4.7,ChIJA0IuNUbyNIgRuikoLdVougk,40.4628172,-79.95158440000002
penn ave,Mobile PGH First Impression,"4106 Penn Avenue, Pittsburgh",,ChIJAQA1M0_yNIgRTUR-gI0Z_bo,40.46558719999999,-79.9546917
penn ave,Studio Capezzuti,"3583 Butler Street, Pittsburgh",,ChIJAQAw67TzNIgR_x0ubdVxZco,40.4652356,-79.9656509
liberty ave,PITTSBURGH YOGA BOUTIQUE,"626 Edmond Street, Pittsburgh",,ChIJAQBPiTjyNIgRhVxcxTUJjS8,40.4592056,-79.9497308
Plummer St,"Code.sys Code Consulting, Inc.","321 Grant Avenue, Pittsburgh",3.5,ChIJASojxkvyNIgR4r0gpoytEmM,40.47971889999999,-79.9728868
penn ave,The Traveling Photo Booth,"256 37th Street, Pittsburgh",5.0,ChIJAVe4kU7yNIgRvwBXImt-j9I,40.4648932,-79.96332919999999
Penn Ave,Palate Partners School of Wine & Spirits,"3401 Liberty Avenue, Pittsburgh",4.0,ChIJAXOSXbXzNIgRi1dLM_0UyOs,40.4619066,-79.9655698
butler st,Headstorm,"181 42nd Street, Pittsburgh",5.0,ChIJAZdYfPrzNIgRKzs16Wh6qqQ,40.47066969999999,-79.9611625
penn ave,Detailed auto creations,"4100 Davison Street, Pittsburgh",4.8,ChIJAdxeJ1tnNIgRl6xj76b7H70,40.4690402,-79.9589185
penn ave,Cheryl Neusch,"4111 Penn Avenue, Pittsburgh",,ChIJAfYoMk_yNIgR4EqlLbUKHAE,40.4658925,-79.9548051
48th St,Avanti Insurance Group,"226 Grant Avenue, Millvale",5.0,ChIJAfoBBqnzNIgRBIrEE7hT4l4,40.47939209999999,-79.9717746
penn ave,Central Atlantic States Association of Food and Drug Officials,"3901 Penn Avenue, Pittsburgh",,ChIJB-Hl-kvyNIgRxFD5V4_SC-A,40.46544279999999,-79.9590078
penn ave,One Point One Yoga Annex,"3702 Penn Avenue, Pittsburgh",5.0,ChIJB-khxGTzNIgR60GmWF3BQLI,40.4643146,-79.9622894
penn ave,Sochats Laverne L,"4106 Butler Street, Pittsburgh",,ChIJB0UroU3yNIgRm0ztZyahI2s,40.46959689999999,-79.9608578
liberty ave,Kolls Jay K,"3520 Penn Avenue, Pittsburgh",,ChIJB4nS8UXyNIgRw-NKRky1NbU,40.4660312,-79.9535037
49th St,Mt Troy United Church of Christ,"2023 East Homestead Street, Pittsburgh",3.0,ChIJB5c_y7zzNIgRC-Nvwsd2vtc,40.472973,-79.98246999999999
butler st,Iron City Rinzai Pittsburgh Zen Practice Group,"137 41st Street, Pittsburgh",,ChIJB8TY2U3vNIgR5MrkX9FSv_U,40.4710408,-79.96323629999999
penn ave,TRYP by Wyndham Pittsburgh/Lawrenceville Boutique Hotel,"177 40th Street, Pittsburgh",3.9,ChIJBUcjPU3yNIgREZC19k0yqNw,40.4695202,-79.9627999
Liberty Ave,Radish Studio,"3635 Bethoven Street, Pittsburgh",5.0,ChIJBZ0xazbyNIgR9bDTTm88Xio,40.4593934,-79.95738039999999
liberty ave,uBreakiFix - Phone and Computer Repair,"4718 Liberty Avenue, Pittsburgh",4.2,ChIJB_HjEUfyNIgRD5tY2m91LgE,40.4615752,-79.9494414
penn ave,Vanity you BOUTIQUE,"4072 Butler Street, Pittsburgh",,ChIJBa1zp03yNIgRiMcUK0CDzcg,40.4694806,-79.9611625
liberty ave,Axel Rimorin House 2,"Bloomfield Homes, Block 3 Lot 17 Section 2, Pittsburgh",,ChIJBcLyDgDzNIgR3yNYwNtI6Jo,40.462472,-79.950266
34th St,Pittsburgh Tire,"3301 Smallman Street, Pittsburgh",4.4,ChIJBxjV3LXzNIgRqDDOEmbiDdc,40.46285090000001,-79.969315
penn ave,So Punk Ink,"3524 Butler Street Floor 3, Pittsburgh",,ChIJC3r4IgnzNIgRy1x0PZHRnLA,40.4646806,-79.9656859
34th st,Oyster Creative Co.,"3614 Smallman Street, Pittsburgh",5.0,ChIJC8Ag39fzNIgRg5McknOO5lk,40.4664289,-79.9666142
51st st,Asgard Raw Dog & Cat Food,"10 Sedgwick Street, Pittsburgh",4.7,ChIJC8pHiajzNIgRZT-3zgGzF38,40.4796371,-79.9744644
48th St,Eidenmiller Real Estate,"322 Grant Avenue, Pittsburgh",,ChIJCRoOVqjzNIgRK5ILDppehIk,40.4798513,-79.9727868
penn ave,Knowing Place,"3824 Penn Avenue Unit B, Pittsburgh",5.0,ChIJCUIz7BjzNIgRarpmZ97tDng,40.4646096,-79.9605157
Liberty Ave,Shelton Design//Build,"4805 Penn Avenue, Pittsburgh",4.6,ChIJCUbw6EPyNIgRUdwzL9xGzm4,40.46563609999999,-79.9460291
liberty ave,Tobacco Outlet,"4501 Liberty Avenue, Pittsburgh",4.5,ChIJCVIdN0byNIgR4pexPEWxvFY,40.463198,-79.9516007
Plummer St,Jack's Discount Videos,"316 Grant Avenue, Millvale",4.4,ChIJCXp6_6jzNIgRaR_E3n8oywo,40.4797227,-79.97263579999999
54th St,First United Church of Christ,"425 North Avenue, Pittsburgh",5.0,ChIJCZATkgfzNIgRIg2KQN-AZyo,40.48288220000001,-79.9733382
51st St,Yetter's Candies,"504 Grant Avenue, Pittsburgh",4.8,ChIJCdPiaKjzNIgRA7wptzOzD-E,40.480545,-79.974147
44th St,Subway,"124 Grant Avenue, Millvale",4.2,ChIJCfyoZ6nzNIgRL5QlxkTYtbE,40.4785009,-79.97008439999999
53rd St,"Telephone of the Wind, Millvale","115 Sedgwick Street, Pittsburgh",5.0,ChIJD-bfbgDzNIgRrRzKDEz4E7I,40.4809858,-79.9737786
54th St,Superior Sign Service LLC,"410 North Avenue, Pittsburgh",3.3,ChIJD3brE-vyNIgROKwz-isIeA0,40.48236970000001,-79.9733834
Liberty Ave,Serving Solutions,"4816 Dearborn Street, Pittsburgh",,ChIJD57xwEPyNIgR398qvm8aUQ8,40.46594690000001,-79.9456658
penn ave,Penn Vape Wellness,"4067 Penn Avenue, Pittsburgh",4.7,ChIJD6Zi9HHzNIgRJxl-5yWY_tw,40.465712,-79.955466
penn ave,Spilsbury Drapery Supply,"3809 Penn Avenue, Pittsburgh",4.8,ChIJD8SLoEvyNIgRs1f1MwNTHkM,40.4647376,-79.96118630000001
penn ave,Macaron Bar Lawrenceville,"3629 Butler Street, Pittsburgh",4.7,ChIJDRzTaXTyNIgRr-Lofpxky2w,40.4662706,-79.9649122
Liberty Ave,Community Preschool and Nursery,"4809 Penn Avenue, Pittsburgh",3.4,ChIJDVgE6EPyNIgRqqj7M1URt6k,40.4654755,-79.9458348
liberty ave,"Aleita Hermanowski, Copywriter","4622 Panama Way, Pittsburgh",,ChIJDX-tD93zNIgR8q1dhkqbto4,40.4619287,-79.95024339999999
Plummer St,Mr. Smalls Theatre,"400 Lincoln Avenue, Millvale",4.7,ChIJDZ5sNKjzNIgR5QIcsD-M-e4,40.48081850000001,-79.97224949999999
Plummer St,Funhouse Theaters Inc,"400 Lincoln Avenue Basement, Millvale",5.0,ChIJDZ5sNKjzNIgRpN41omfkT_Y,40.4808548,-79.9722639
penn ave,The Sōl Collective at Steel House Cycle,"4100 Butler Street FL 1, Pittsburgh",,ChIJDZavJlvzNIgRs_FNZF5CM5g,40.469382,-79.96105299999999
butler st,Café102,"4314 Butler Street, Pittsburgh",4.9,ChIJDZm6gVjzNIgRpxNu1EcVUE0,40.4709828,-79.95997129999999
liberty ave,Peace of Time Wellness,"4748 Liberty Avenue, Pittsburgh",4.4,ChIJDcTRzHbzNIgRfL9w4qVku8c,40.4610943,-79.94844119999999
penn ave,Dijlah Restaurant and Cafe,"4130 Butler Street, Pittsburgh",4.2,ChIJDxKskE3yNIgRZVoDJ9pI2OE,40.4701807,-79.9605352
34th St,Aurora,"50 33rd Street, Pittsburgh",4.4,ChIJDxVAs7fzNIgR9tjdx8GWnUU,40.4642395,-79.97217599999999
mccandless ave,Hinds Site,"17 Johnson Street, Millvale",5.0,ChIJE3yVEKfzNIgRKQ6Ji4qEmgY,40.4810982,-79.97891659999999
butler st,Nanban,"4407 Butler Street, Pittsburgh",4.3,ChIJE8F5jc3zNIgRv9cjRb4OUzA,40.4717953,-79.9598164
Plummer St,Creative Citizen studios,"312 Grant Avenue, Pittsburgh",,ChIJEUIB4LfzNIgR-XFRhE0gwjs,40.47972609999999,-79.97263099999999
penn ave,3 Rivers Wet Weather Inc,"3901 Penn Avenue #3, Pittsburgh",3.8,ChIJEXBL8kvyNIgRCNYq6uHVnpw,40.4657366,-79.95951629999999
penn ave,Allegheny County Labs Department,"3901 Penn Avenue #8, Pittsburgh",,ChIJEXBL8kvyNIgRvG5meorVzL0,40.46548609999999,-79.959729
liberty ave,Kula Industries & Streekers Vintage,"4124 Main Street, Pittsburgh",5.0,ChIJEwRSfWXzNIgR7P5By1tuSYM,40.4649469,-79.9544568
48th St,McWalker Yarns,"303 Grant Avenue, Pittsburgh",4.8,ChIJEy7rom_zNIgRyffLte8iKL8,40.479234,-79.9722891
penn ave,Phoenix Chinese SPA,"4309 Butler Street, Pittsburgh",3.8,ChIJF1DXi03yNIgRrbmobyLOXsg,40.47099860000001,-79.9602786
liberty ave,Caliente Pizza & Drafthouse - Bloomfield,"4624 Liberty Avenue, Pittsburgh",3.8,ChIJF27Hp0fyNIgRnZHhBa75CIw,40.46203579999999,-79.9501025
Butler St,The Pitch on Butler,"4717 Butler Street, Pittsburgh",4.8,ChIJF8KnYiTzNIgRjMbh5KbayAA,40.47458589999999,-79.9579452
butler st,Rosie's Workshop PGH,"4322 Butler Street, Pittsburgh",5.0,ChIJF9Db3BvzNIgR02GKkRcHB6s,40.4711625,-79.9598616
McCandless Ave,Millvale Lanes,"523 Lincoln Avenue, Millvale",4.2,ChIJF9KOFqjzNIgRZTFvyGDO8pE,40.481462,-79.974139
butler st,Rainbow Row,"119 41st Street, Pittsburgh",4.3,ChIJFQh0j7TzNIgRve9Smu3rc34,40.471287,-79.9638069
52nd St,Joyce Lee Beauty Salon,"2517 Mount Troy Road, Pittsburgh",5.0,ChIJFRHUz6LzNIgRSPGv1Ru6FWE,40.47368539999999,-79.9843405
liberty ave,Caffé Mona La Bistro,"4200 Penn Avenue, Pittsburgh",4.5,ChIJFWbwNU_yNIgRFCEuSZi60Es,40.46567799999999,-79.9542656
49th St,Reserve Athletic Association,"2107 Lonsdale Street, Pittsburgh",4.8,ChIJF_6Ae6TzNIgRl-27tGPoYuY,40.4755644,-79.9810814
butler st,Golden Gaia Tattoo,"4519 Butler Street, Pittsburgh",5.0,ChIJF_PcSkfzNIgRH5JiPOCtS0k,40.4727726,-79.9591573
butler st,Steel Dragon,"100 43rd Street #113, Pittsburgh",5.0,ChIJFapuyVLyNIgRm7k-yEupG08,40.4728608,-79.9638889
penn ave,A Street Called Straight Ministries,"3832 Mintwood Street, Pittsburgh",5.0,ChIJFd10TIjzNIgRxdron-huSIk,40.46372119999999,-79.95995769999999
liberty ave,Anchor boxing,"4042 Liberty Avenue, Pittsburgh",5.0,ChIJFwdcZUTzNIgR5cK7k5v4C9M,40.4628245,-79.9557526
penn ave,The Mihok Law Firm,"3706 Butler Street Suite 306, Pittsburgh",5.0,ChIJFyCKQXTyNIgR-YA3TXSeG80,40.4663709,-79.9643997
penn ave,The Slyrie Slirving Tennis Nest,"276 39th Street, Pittsburgh",5.0,ChIJG-cT1L7zNIgRwOaGTIwu3e0,40.4660166,-79.9608038
penn ave,Cibo Dal Mio Cuore LLC,"420 42nd Street, Pittsburgh",,ChIJG4UDQKrzNIgRaqIOBoxjnes,40.46711210000001,-79.956231
butler st,Otto Finn,"4607 Butler Street, Pittsburgh",5.0,ChIJG9FI9dfzNIgRPpCWxcnk3qE,40.47318509999999,-79.95884470000001
penn ave,Bierport Tap Room,"4115 Butler Street, Pittsburgh",,ChIJGQ6Cn03yNIgRSWHu3t4dqjM,40.4699387,-79.9610646
34th st,Pittsburgh Foundry & Machine,"20 36th Street, Pittsburgh",3.0,ChIJGUTIVLHzNIgRZgWs5gVoNRg,40.4669845,-79.96982589999999
liberty ave,Thyme Machine,"4613 Liberty Avenue, Pittsburgh",5.0,ChIJGWJzfQTzNIgRpdrWYW3X534,40.4625422,-79.9504255
45th St,Steel City Salt Company,"206 Grant Avenue, Millvale",5.0,ChIJGX2c5yzzNIgR0RwX-I4npxs,40.4790466,-79.971175
liberty ave,Iron Eden Inc,"4001 Lorigan Street, Pittsburgh",4.6,ChIJGYDk80jyNIgR3v2soh9Pt90,40.4615455,-79.955625
penn ave,Arsenal Cider House & Wine Cellar,"300 39th Street, Pittsburgh",4.8,ChIJGamnn0vyNIgRa5owM6bs0y0,40.465108,-79.96092
38th St,Three Rivers Rowing Association,"300 Waterfront Drive, Pittsburgh",4.8,ChIJGc4o7rnzNIgR6oYT2MDw7iE,40.466788,-79.9762859
butler st,Curiosity Shop,"100 43rd Street #116, Pittsburgh",4.9,ChIJGcEFy1LyNIgRBVPbKuKqgB8,40.47292839999999,-79.96385380000001
butler st,TRVR Handwired Electronics,"100 43rd Street #112, Pittsburgh",,ChIJGcEFy1LyNIgRHVUD60B3CmA,40.4728738,-79.9638856
liberty ave,Down Syndrome Center of Western PA,"4401 Penn Avenue Ste 3000, Pittsburgh",4.0,ChIJGdoNjinyNIgRvWN_rjT-4Ic,40.4660999,-79.95351959999999
butler st,Crystal Bead Bazaar,"4521 Butler Street, Pittsburgh",4.6,ChIJGeqcIlLyNIgRguraaFE4P9Q,40.4728071,-79.9589563
butler st,Bay 41,"115 41st Street, Pittsburgh",3.5,ChIJGwCKqlLyNIgRfVOkxrkUIBY,40.47160409999999,-79.9642964
penn ave,Pita My Shawarma,"3716 Butler Street, Pittsburgh",4.4,ChIJGyHKJrP3NIgRsdwacPEvZDg,40.46660230000001,-79.96426
liberty ave,Pittsburgh Property Cleanouts,"4564 Penn Avenue, Pittsburgh",5.0,ChIJH-xbLUTyNIgRW8rM6brycRg,40.46578270000001,-79.94998629999999
liberty ave,Paddy Cake Bakery,"4763 Liberty Avenue, Pittsburgh",4.2,ChIJH200SEfyNIgRI_dMWj_LXhU,40.4611592,-79.9477275
48th St,APlus 40225,"300 Grant Avenue, Millvale",,ChIJH4QZBKnzNIgRTgmEbbb_KHg,40.479347,-79.972008
penn ave,CYA-Stephen Foster Community Center,"286 Main Street, Pittsburgh",4.2,ChIJH6L_JkzyNIgRkrFlE_EAj9o,40.46766799999999,-79.958663
Plummer St,North Hills Community Outreach - Millvale Office,"416 Lincoln Avenue, Pittsburgh",4.7,ChIJH6QxSqjzNIgRSX5qeDa74Uo,40.4809551,-79.9726993
49th St,The ALS Association Western Pennsylvania Chapter,"416 Lincoln Avenue, Millvale",4.0,ChIJH6QxSqjzNIgRpbkiu_GPTn4,40.48094409999999,-79.9727036
penn ave,Salty Paws Pittsburgh,"4126 Butler Street, Pittsburgh",4.9,ChIJHQLMNqPzNIgRgbERJyh4kNo,40.4700202,-79.9605231
liberty ave,Snelling Melissa,"4117 Main Street, Pittsburgh",,ChIJHQU4zEjyNIgR-EqAXCtd9EA,40.46539250000001,-79.9546514
52nd St,Millvale tobacco outlet,"225 North Avenue, Millvale",5.0,ChIJHUQ29jjzNIgRQtyC-K0qFgk,40.48159460000001,-79.9746018
liberty ave,Sacred Heart of Jesus Store,"4515 Liberty Avenue, Pittsburgh",4.8,ChIJH_i1S0byNIgRd2Ev7lGOBGw,40.4629885,-79.951227
43rd St,Linnea Marie Photography,"2131 Straubs Lane, Pittsburgh",5.0,ChIJHeFRw3NjM4gRHVzM9qungLQ,40.470324,-79.97867389999999
penn ave,Cranberry Plaza II LLC,"123 36th Street, Pittsburgh",,ChIJHfmdg7PzNIgRBfCv4b-POOM,40.4671374,-79.9669826
47th St,New Sun Rising,"112 East Sherman Street, Millvale",4.7,ChIJHx8qoanzNIgRDzwnYIvY5SU,40.4797979,-79.9713549
liberty ave,drinks food music art & special events at brillobox,"4104 Penn Avenue, Pittsburgh",,ChIJI-DfzEjyNIgRYK8ywhk-zlk,40.46550499999999,-79.9547632
butler st,Cork Harbour Pub,"181 43rd Street, Pittsburgh",4.7,ChIJI0ynzUTzNIgR_z8-SOmMckE,40.4712592,-79.96087229999999
51st St,One Happy Flower Shop,"502 Grant Avenue, Millvale",5.0,ChIJI3BaaKjzNIgRW3UwerOrR7k,40.4805278,-79.9740814
liberty ave,Samantha Skelton Jewelry Design,"4049 Penn Avenue, Pittsburgh",4.6,ChIJI4PSLEnyNIgRcsiHldY4wFA,40.4657023,-79.9561192
penn ave,R Kyndall Development Group,"186 42nd Street, Pittsburgh",5.0,ChIJI73-7ZxiNIgRztvDVMtr-cQ,40.4704441,-79.9612604
butler st,National Robotics Engineering Center,"10 40th Street, Pittsburgh",4.9,ChIJI8LyO63zNIgRvKb7FYwQ1MQ,40.4728736,-79.9650268
Plummer St,Millvale Boro Office,"501 Lincoln Avenue, Millvale",,ChIJIXBmQKjzNIgR0FG8ttUjMHk,40.4811062,-79.9735647
43rd St,Pittsburgh Snow Removal,"211 Stanton Avenue, Pittsburgh",4.9,ChIJIYL2SKnzNIgROgt-FM7T8O4,40.4776209,-79.97082329999999
liberty ave,"Dr. Prabir K. Mullick, MD","4608 Penn Avenue, Pittsburgh",4.0,ChIJIbsoO0TyNIgR1j2C75djFCQ,40.4657239,-79.9492016
penn ave,"CRH Catering Co., Inc.","4110 Davison Street, Pittsburgh",1.9,ChIJId-e2U3yNIgR37cU6V2EEUU,40.46923100000001,-79.958733
liberty ave,COMB. Salon,"4517 Liberty Avenue, Pittsburgh",5.0,ChIJId37ghTzNIgR9I7H29EZjjc,40.4630094,-79.9511105
43rd St,UA Local 542 Sprinklerfitters,"227 Stanton Avenue, Pittsburgh",5.0,ChIJIw1TN6nzNIgR84Wyie8wOdw,40.477802,-79.9713124
liberty ave,Ella St. Steps,"445 Ella Street, Bloomfield",4.5,ChIJIwCSCQDzNIgR0YuTHtSP28Y,40.46070069999999,-79.9537885
butler st,Closet Rehab,"4400 Butler Street, Pittsburgh",5.0,ChIJIwcCUNJfNIgR0HOi9wCK4xc,40.4713622,-79.9594426
penn ave,Silver Apple Gallery,"255 Main Street, Pittsburgh",5.0,ChIJIxU1wLHzNIgRwJjgQPCsakI,40.46867110000001,-79.959034
butler st,Mello & Sons,"4405 Butler Street, Pittsburgh",5.0,ChIJIzBQbVLyNIgRrBPh9AbBoPI,40.4717501,-79.9598832
50th st,The Embassy,"Farragut Street, Millvale",5.0,ChIJJ-KInKjzNIgR2ZOCZKuQYdE,40.4791205,-79.97491029999999
51st St,Atkinson Beer Distributor,"315 North Avenue, Pittsburgh",4.5,ChIJJ53YHqjzNIgRxhmeAW5elL0,40.48217229999999,-79.9740195
liberty ave,Dirks Car Wash Bloomfield Touchless,"4052 Liberty Avenue, Pittsburgh",3.6,ChIJJ7E3VkjyNIgRWOhUFjEOn_U,40.4630268,-79.95515429999999
48th St,Anita New Look Wig Salon,"226 Grant Avenue, Pittsburgh",,ChIJJToPVGzzNIgRyTUvvjFXiRk,40.479392,-79.971775
liberty ave,V&T Nails,"4608 Liberty Avenue, Pittsburgh",5.0,ChIJJWROPd_zNIgRDcgKqIxysaI,40.4622779,-79.9506734
penn ave,Butler Street Derby,"4203 Butler Street, Pittsburgh",5.0,ChIJJYk8XXLzNIgRIZF7xOchKXs,40.47041189999999,-79.9606348
51st St,Grant Avenue Pocket Park G.A.P.P. (GAP Park),"518 Grant Avenue, Pittsburgh",3.9,ChIJJcWRcajzNIgRepfA08Ehy40,40.48082580000001,-79.9746389
penn ave,COLOMBINO Coffee/Food Truck,"3817 Butler Street, Pittsburgh",4.6,ChIJJdPcGIrzNIgR4he_3_nQQxM,40.4675693,-79.9642338
penn ave,Trim Pittsburgh,"3508 Butler Street, Pittsburgh",4.7,ChIJJeehnXPyNIgRfy7Wc1y8RkE,40.46415399999999,-79.96598039999999
liberty ave,Keystone Vapors Bloomfield,"4526 Liberty Avenue, Pittsburgh",4.8,ChIJJf-vJW_zNIgRXEFZyjue1Mo,40.46249950000001,-79.9511623
liberty ave,Plexision,"4424 Penn Avenue Conference Room 1, Pittsburgh",5.0,ChIJJwdX90XyNIgRuWvh56SmTIw,40.4659071,-79.9526076
liberty ave,Smg/Santucci Upmc,"4747 Liberty Avenue, Pittsburgh",,ChIJK29kPkfyNIgRfBZMpulg9Mo,40.4615124,-79.9484087
butler st,Freedom Gateway Bitcoin ATM,"4327 Butler Street, Pittsburgh",,ChIJK40Sf37zNIgR1sVnLcEytpQ,40.4715084,-79.9600646
penn ave,THE WAINWRIGH,"3607 Butler Street, Pittsburgh",,ChIJK5HKvbTzNIgRpJeoHO5gN6Y,40.46566409999999,-79.96528579999999
Penn Ave,The Church Brew Works,"3525 Liberty Avenue, Pittsburgh",4.3,ChIJKT2mUrXzNIgRP_zITVG6-1s,40.46198609999999,-79.9640806
48th St,Meals On Wheels,"122 Butler Street, Millvale",,ChIJKTvsUqjzNIgRbeOAasGlwXk,40.4802943,-79.9724359
penn ave,Main Street Diner,"Lawrenceville Market House, 4112 Butler Street, Pittsburgh",5.0,ChIJKUavOQDzNIgRZfPUxuFJsJQ,40.4698449,-79.9607555
liberty ave,Songbird Artistry,"4316 Penn Avenue, Pittsburgh",5.0,ChIJKVW5TU_yNIgRU0XyKFJON7k,40.46570380000001,-79.9536538
liberty ave,Treasure's Tree Removal,"4433 Howley Street, Pittsburgh",5.0,ChIJKYOiMsw3agIRo31PkS4ZpBA,40.46494289999999,-79.9522278
penn ave,Grey Box Theatre,"3595 Butler Street, Pittsburgh",3.6,ChIJKYQMlbTzNIgRgs2tG9n9roU,40.4653646,-79.9655398
penn ave,Foundation Tattoo Parlour,"4020 Butler Street Floor 2, Pittsburgh",4.9,ChIJKfmmqEfyNIgRA0jeZO29AV8,40.4691015,-79.9614952
penn ave,"Sam's Vintage, LLC","3701 Butler Street FRONT, Pittsburgh",5.0,ChIJKxwrJw_zNIgRKsayNzOq_NA,40.4663887,-79.9647298
butler st,Pittsburgh Mobile Mechanic Co.,"4307 Willow Street, Pittsburgh",5.0,ChIJL-kVR1bzNIgRqiuoQyWUrGA,40.472691,-79.96281689999999
45th St,Family Dollar,"123 Lincoln Avenue, Millvale",3.6,ChIJL0J32qvzNIgRdSy9vIY08GY,40.47889670000001,-79.9697668
liberty ave,Urban Cottage,"4602 Penn Avenue, Pittsburgh",5.0,ChIJL2ZZMETyNIgRpiGoDxtBfe0,40.46572990000001,-79.9494576
penn ave,Starbucks,"3931 Butler Street, Pittsburgh",4.0,ChIJL3UOHgDzNIgRhdeesD5X4rE,40.4683131,-79.9631632
penn ave,Condado Tacos,"4300 Butler Street, Pittsburgh",4.6,ChIJL3ujxP3zNIgR9aqygXcUHAY,40.4706352,-79.9601584
penn ave,Zabelsky Dennis DDS,"3712 Main Street, Pittsburgh",,ChIJL4dBm07yNIgRfiqruycv1FM,40.46762500000001,-79.958107
penn ave,McDonough's Antiques,"3617 Butler Street, Pittsburgh",4.3,ChIJLSSnpLTzNIgRq8V1rVS_31I,40.46593000000001,-79.9650705
penn ave,Scott Electric Lawrenceville,"24 39th Street, Pittsburgh",4.3,ChIJLTnvtUzyNIgRCdkX91QrI78,40.4703046,-79.9670452
penn ave,Lawn Man Inc,"4609 Carlton Street, Pittsburgh",3.0,ChIJLWMe0lHyNIgR8RFcLbLn87o,40.47123619999999,-79.9558965
liberty ave,Muchacho Home Pittsburgh,"4571 Carroll Street, Pittsburgh",,ChIJLX4nnvnzNIgRPBm4ofsysUY,40.46533509999999,-79.94988149999999
penn ave,Bike Pittsburgh,"188 43rd Street #1, Pittsburgh",4.1,ChIJLXqik0XxNIgRrW_V_qteKvQ,40.4708958,-79.9609175
penn ave,Happenstance Cafe,"3832 Penn Avenue, Pittsburgh",5.0,ChIJL_Y8Tr7zNIgRDXMVWjkO3ds,40.4646337,-79.96027149999999
hatfield st,Rick Horn Construction Inc,"933 Stanton Avenue, Pittsburgh",4.0,ChIJLcQNj6DzNIgRSUYMtTTUMtY,40.4824967,-79.9836316
liberty ave,Ginza Japanese Restaurant,"4734 Liberty Avenue, Pittsburgh",4.5,ChIJLfzKFEfyNIgR6L1Z3Rj0Q2c,40.4613895,-79.9488118
penn ave,Capuchin Friars Development,"220 37th Street, Pittsburgh",4.8,ChIJM3MQtLTzNIgRHBZ6ibWks2A,40.4657442,-79.96463709999999
52nd st,Ossman Heating & Cooling,"25 Fornoff Street, Pittsburgh",5.0,ChIJMQ4SKqbzNIgRp14QlCh_us4,40.4802693,-79.9748994
penn ave,Joule Design,"32 39th Street, Pittsburgh",,ChIJMQyfbU3yNIgR-yzKRi5DD-k,40.4689371,-79.9656795
butler st,"George Bernard Sestric, MD","193 43rd Street, Pittsburgh",3.5,ChIJMSaviE3yNIgRGotf3_LmTBw,40.4708505,-79.9604617
50th St,Female Trouble Tattoo,"507 Grant Avenue Floor 1, Millvale",4.5,ChIJMU49ez7zNIgRCyDxAI1mSUU,40.4804816,-79.9743893
penn ave,Zion Evangelical Lutheran Church,"237 37th Street, Pittsburgh",4.4,ChIJMVsySUvyNIgR0oB6cwZTZCM,40.4653802,-79.9635703
liberty ave,Ing Mar Medical,"4719 Liberty Avenue, Pittsburgh",,ChIJM_RvEEfyNIgRyO8PY4eaBlo,40.4620115,-79.9491008
butler st,Gingerly Press,"100 43rd Street #106, Pittsburgh",5.0,ChIJM_yzeftUxokRjZ5DLt-4npA,40.4729243,-79.96394649999999
53rd St,Glenn Distributing Inc.,"315 North Avenue, Millvale",4.6,ChIJMwCRUnfzNIgRZ60sVpK9c2I,40.48217229999999,-79.9740195
34th St,Pink lot 3,"35th Street, Pittsburgh",,ChIJN2SReQDzNIgRKcic1DXswQA,40.46473,-79.96815730000002
42nd St,Pgh 360,"2134 Lowrie Street, Pittsburgh",5.0,ChIJN5mKqrvzNIgR8K2k6cC5C3k,40.47007800000001,-79.97819109999999
Butler St,Material Witness Showroom,"4724 Plummer Street, Pittsburgh",,ChIJN8CvWVHyNIgRmVj9Qs4T6tg,40.4752213,-79.9582331
liberty ave,Bloomfield Drug Store,"4727 Liberty Avenue, Pittsburgh",4.5,ChIJN8sfFEfyNIgRjylMDpeH9-U,40.46179,-79.9489428
penn ave,Spectra Contract Flooring,"26 39th Street, Pittsburgh",,ChIJNR6I4bLzNIgRG05aCFrxj3U,40.47029,-79.96678899999999
liberty ave,State Insurance services,"4772 Liberty Avenue, Pittsburgh",4.5,ChIJNTdYTkfyNIgR8ddWotSbjMM,40.4607322,-79.9477091
penn ave,Pittsburgh Plant Co.,"158 41st Street, Pittsburgh",4.8,ChIJNU7yMsPzNIgROPph0Hf5hCQ,40.470409,-79.9626773
butler st,Lawrenceville Three Rivers Heritage Trail,"Lawrenceville Trail, Pittsburgh",4.6,ChIJNUOwfZHzNIgRZ7VbbnVrX-g,40.47136130000001,-79.967191
liberty ave,Empire on Liberty,"4045 Liberty Avenue, Pittsburgh",,ChIJNWnM6gBYNIgRogyIVsBjTHc,40.4633369,-79.9553656
Liberty Ave,Silver Eye Center For Photography,"4808 Penn Avenue, Pittsburgh",4.4,ChIJNYRZPULxNIgRANmifRTkykA,40.4652722,-79.9462648
Penn Ave,Common Plea Catering,"3700 Liberty Avenue, Pittsburgh",4.3,ChIJNaKEjMjzNIgREcTsnLlq4cI,40.4618872,-79.9617968
butler st,Leslie Park,"Butler St &, 46th Street, Pittsburgh",5.0,ChIJO49qSADzNIgRLYsaswZvD8k,40.472813,-79.95880319999999
liberty ave,Wicked Skatewear,"4618 Liberty Avenue, Pittsburgh",4.8,ChIJO4ZMcr3zNIgRxfDmnMCFOq8,40.4620653,-79.9503508
liberty ave,Radio Skateshop,"4116 Main Street, Pittsburgh",4.8,ChIJOQDRuefzNIgRhUkR_Hu5E1g,40.4651109,-79.9547319
liberty ave,PCNA,"4115 Liberty Avenue, Pittsburgh",,ChIJOSjAjUjyNIgREMdmgudUBP8,40.4635449,-79.9539729
penn ave,Tom Savini Mural,"166 Almond Way, Pittsburgh",,ChIJOTpYeYvzNIgR9t1ahALvjpY,40.4697972,-79.9629253
liberty ave,Nico's Recovery Room,"178 Pearl Street, Pittsburgh",4.3,ChIJOVBi60byNIgR1hXCUnFAEzo,40.4636488,-79.9489514
Liberty Ave,Assemble,"4824 Penn Avenue, Pittsburgh",5.0,ChIJOelYBkLyNIgRHlIbIw_axws,40.4652471,-79.94599029999999
liberty ave,Bodega Film Lab,"4120 Main Street, Pittsburgh",5.0,ChIJOxSdjZDzNIgRQYAWMS6xF7A,40.46504789999999,-79.9546044
34th St,FleetPride Service Center,"112 35th Street, Pittsburgh",4.7,ChIJOz84NrTzNIgRcvp0PgweyGA,40.4645868,-79.9685259
Plummer St,PNC ATM,"401 Grant Avenue, Millvale",5.0,ChIJP03cjRbzNIgR5gEudrOMxvI,40.4798567,-79.9732465
butler st,Cardtronics,"Arsenal Lanes, 212 44th Street, Pittsburgh",,ChIJP2MyClLyNIgRyCOEYEJBgjk,40.471189,-79.9595354
42nd St,St. Nicholas Church,"24 Maryland Avenue, Pittsburgh",4.9,ChIJP5flLxvzNIgRavjNmpHkIUg,40.4770936,-79.96970999999999
penn ave,The Babe Cave,"3703 Butler Street, Pittsburgh",4.6,ChIJP806w8bzNIgRpONvLVJT7vY,40.46646150000001,-79.96485779999999
penn ave,Steward Goode,"3700 Butler Street Suite 320, Pittsburgh",,ChIJP8pGQNPzNIgRp9cYOD8cad8,40.4662644,-79.9644211
liberty ave,Trace Brewing,"4312 Main Street, Pittsburgh",4.5,ChIJP8urYiDzNIgREgF-SxSwAnk,40.464085,-79.953357
penn ave,Brooklyn Bagel at Arsenal,"3915 Butler Street, Pittsburgh",4.4,ChIJP9e7G-jzNIgRkZGSNYvfzGU,40.467886,-79.96362959999999
39th st,Millvale Riverfront Park,"70 River Front Drive, Pittsburgh",4.5,ChIJPR3OP67zNIgR-NjpvQp_HaA,40.4728491,-79.9712009
34th St,Mark's Truck & Auto Care,"3400 Smallman Street, Pittsburgh",5.0,ChIJPZDvosnzNIgRnFRo1wwPgLQ,40.46320029999999,-79.9682034
liberty ave,LibertyX Bitcoin ATM,"4776 Liberty Avenue, Pittsburgh",,ChIJPaTG9s3zNIgRUUXVq4kpeLw,40.4606299,-79.9476277
penn ave,Lumi Beauty Boutique,"3605 Butler Street, Pittsburgh",4.5,ChIJPf4EY7PzNIgR62qmPTzX3x0,40.4656268,-79.9653155
39th St,Millvale Marina,"101 Bridge Street, Pittsburgh",4.5,ChIJQ07VPKzzNIgRBPv1eXKWsQo,40.47595759999999,-79.9683909
butler st,Jersey Chrome Plating Co,"144 46th Street, Pittsburgh",4.3,ChIJQ4iErlPyNIgRb_EQweBvxvA,40.4739961,-79.9608299
liberty ave,American Discount Uniform,"4782 Liberty Avenue, Pittsburgh",4.6,ChIJQ6GHTUfyNIgRbsaNtJpYes8,40.4606286,-79.9473838
McCandless Ave,Tasty Taquitos,"301 North Avenue, Pittsburgh",5.0,ChIJQQ9urQTzNIgR7VgT3deDMQI,40.4818167,-79.97431859999999
liberty ave,Freehand Craft Studio,"4741 Liberty Avenue, Pittsburgh",5.0,ChIJQTW_PUfyNIgReWckbWGfkJc,40.4616204,-79.94855280000002
56th St,Rusty Hook Auto Salvage in Pittsburgh,"3015 Mount Troy Road, Pittsburgh",4.9,ChIJQf77OkLzNIgRz3--q9K9Wh0,40.4783377,-79.9868127
liberty ave,Big Shot Bob's House of Wings,"4766 Liberty Avenue, Pittsburgh",3.5,ChIJQft3kaTzNIgRetJTJOLl88g,40.4607851,-79.9479285
44th St,True Merchant,"230 Stanton Avenue, Pittsburgh",4.9,ChIJQwRMOanzNIgRMT3JgpWr_ok,40.47797919999999,-79.9712816
liberty ave,Bloomers Laundromat,"4651 Gangwish Street, Pittsburgh",3.2,ChIJQxDVE0byNIgR_niGevl7uTE,40.4645551,-79.9517985
Butler St,Tower Drafting Services,"4739 Butler Street, Pittsburgh",,ChIJR1ncWlHyNIgRx3RefEY5BG0,40.4751791,-79.9579503
liberty ave,Jeff's Notary Service,"4035 Penn Avenue, Pittsburgh",4.2,ChIJR4DKM0nyNIgR4KLOtOHq5sU,40.46552200000001,-79.9565618
penn ave,STRIDE Fitness Lawrenceville,"3901 Butler Street, Pittsburgh",5.0,ChIJR6fs-T7zNIgRdNKAQLeNIgQ,40.4677344,-79.963743
liberty ave,Kanakamedala Satish B B MD,"4506 Penn Avenue, Pittsburgh",4.0,ChIJRQWq6W7uNIgRFfE4SVijsTk,40.4660366,-79.9520533
Penn Ave,"Four Pillars Paint, LLC","3500 Penn Avenue, Pittsburgh",5.0,ChIJRT-NaweTDiARHaAUZU4oeKk,40.4637925,-79.9650157
51st st,The Gardens of Millvale,"22 Butler Street, Millvale",4.7,ChIJRVdq9KjzNIgRz4pLADDFPMk,40.4790893,-79.9732111
liberty ave,Beroes Law Center,"4054 Penn Avenue, Pittsburgh",4.4,ChIJRViYKUnyNIgRvdTOxIPZykY,40.46538899999999,-79.95580749999999
penn ave,Whitey's Mobile Wash,"135 Almond Way, Pittsburgh",4.8,ChIJRX8FBPfyNIgRQQfggMyUVXU,40.4708755,-79.96409489999999
liberty ave,Amazing Massage,"4521 Liberty Avenue, Pittsburgh",5.0,ChIJRas3-BTzNIgRPK9H4m8LWv8,40.4629369,-79.9509798
liberty ave,Marino's Auto Repair,"4610 Juniper Street, Pittsburgh",4.0,ChIJRbGV9DfyNIgRMLRx3jW9DZs,40.4592334,-79.9531763
34th St,Heart of Glass,"3613 Butler Street, Pittsburgh",4.9,ChIJS2B_RmvzNIgROYYZ_7D8OSU,40.4658377,-79.9652739
liberty ave,"Saint Ravioli, LLC","4615 Liberty Avenue, Pittsburgh",5.0,ChIJS44FwHLzNIgRBuXKiLvltE4,40.4625455,-79.9502734
53rd St,Zurcher Home Improvements,"317 William Street, Pittsburgh",5.0,ChIJS9c9XBHzNIgRAX5gx4KWZ_Q,40.4828567,-79.9752041
penn ave,PNC Bank,"4101 Butler Street, Pittsburgh",3.5,ChIJSRISCk3yNIgRd14Ba2yucxA,40.46979,-79.96146
liberty ave,International Fashion House Braiding & Boutique,"4709 Liberty Avenue, Pittsburgh",,ChIJSRT_BEfyNIgRBT7cTfxAwX0,40.4620819,-79.94947359999999
34th st,Mattress Firm Warehouse,"55 38th Street, Pittsburgh",4.1,ChIJSTO7ALPzNIgR1TY91CZmg6Q,40.46852370000001,-79.96824289999999
butler st,World War I Memorial Park,"201 46th Street, Pittsburgh",4.7,ChIJSWbaJ1LyNIgRgmnckUWc6ng,40.47285389999999,-79.95851480000002
liberty ave,Pad Thai Noodle,"4770 Liberty Avenue, Pittsburgh",4.2,ChIJSbERT0fyNIgRGxDyCmC7sAY,40.46076600000001,-79.9477982
liberty ave,Thai Cuisine,"4627 Liberty Avenue, Pittsburgh",4.6,ChIJSegbAUfyNIgRxWUkXGV0_sM,40.46234,-79.9498926
51st St,Shear Timing,"500 Grant Avenue, Pittsburgh",4.9,ChIJSzo-aKjzNIgRpgPSayFMd7M,40.4804912,-79.9739941
penn ave,Belvedere’s Ultra-Dive,"4016 Butler Street, Pittsburgh",3.8,ChIJTS0VAU3yNIgRA8pOtAG_B6g,40.4689441,-79.9615335
48th St,"Double L, INC","307 Grant Avenue, Millvale",4.5,ChIJTSceAqnzNIgRKrH4xw6lpj8,40.4793975,-79.97236149999999
liberty ave,M. O’Herron Company,"4002 Lorigan Street, Pittsburgh",3.7,ChIJTVpDzknyNIgRDS9U29IvEJ0,40.46130650000001,-79.9561643
liberty ave,Hogan Studios,"4523 Liberty Avenue, Pittsburgh",,ChIJTW-tTUbyNIgRRlt27qeDoWw,40.46292049999999,-79.950915
46th St,Medicap Pharmacy,"225 Grant Avenue, Millvale",4.7,ChIJTWazBKnzNIgRio_BdlHNrH8,40.479057,-79.9720861
penn ave,Noire Distillery,"3908 Penn Avenue, Pittsburgh",5.0,ChIJTX0yv6rzNIgRet4O5PdFI0A,40.46478,-79.95952799999999
liberty ave,Ficarri Builders,"4518 Liberty Avenue, Pittsburgh",,ChIJTYsvbaLzNIgR2GN7eMNGwu4,40.46260439999999,-79.95134809999999
liberty ave,Serpent Moon Tattoo Co.,"4516 Liberty Avenue, Pittsburgh",4.9,ChIJTappsurzNIgRIPhBHxPSSQY,40.4626673,-79.9513918
butler st,Merritt Chase,"188 43rd Street, Pittsburgh",,ChIJTdMzI9nzNIgR10msu1Cz9RE,40.4707355,-79.9610699
liberty ave,Nail Studio 1,"4513 Liberty Avenue, Pittsburgh",4.5,ChIJTzcxSkbyNIgRXjM9Nn4UBhQ,40.4630309,-79.95125879999999
34th St,Cardinal Health,"70 33rd Street, Pittsburgh",5.0,ChIJU1GzyrfzNIgRumpoMGEdtXA,40.4627538,-79.97206059999999
liberty ave,Mariani Appraisal Services,"4729 Liberty Avenue, Pittsburgh",,ChIJU1c6EUfyNIgRadEXyqUkLzs,40.461721,-79.9486953
liberty ave,Pittsburgh Ceiling Tile Co,"4117 Liberty Avenue # 2, Pittsburgh",,ChIJU2kpWEjyNIgRHRNtshvbUYk,40.46367969999999,-79.95377049999999
liberty ave,Dr Barad Illuminated SkinCare,"4424 Penn Avenue Accessible Seating, Pittsburgh",5.0,ChIJU7-g-UXyNIgR8jamBEFkXn0,40.4658719,-79.9526006
penn ave,POGOH Bike Share Station,"199-191 36th Street, Pittsburgh",,ChIJU7a9JADzNIgR76GXNJj5Qug,40.4654394,-79.96551790000001
penn ave,PGH Urban Garden Consultant,"400 Main Street, Pittsburgh",,ChIJURlImGHzNIgRRIbFbNV2zgo,40.4657486,-79.95518260000001
liberty ave,"Weinbaum, David L., MD","4778 Liberty Avenue, Pittsburgh",,ChIJUU0xTEfyNIgRAqPxzDJHeQg,40.4606096,-79.947555
51st st,"American National Skyline, Inc. of Pittsburgh","14 Sedgwick Street, Pittsburgh",,ChIJUUQaqNrzNIgR-wSMUdjF9CQ,40.4796024,-79.9743143
butler st,MSTR,"4504 Butler Street, Pittsburgh",4.7,ChIJUWqRGFLyNIgR_O-Ip_85cuc,40.4722254,-79.95893230000001
46th St,Wild At Heart Body Arts,"305 Grant Avenue #2611, Pittsburgh",4.9,ChIJUXB8AqnzNIgRcOP8GKd5vvQ,40.47936079999999,-79.97230449999999
Stanton Ave,"W Group Holdings, LLC","413 North Avenue, Pittsburgh",3.5,ChIJUZg76VR9NIgRInHUwFFLo4k,40.482651,-79.973738
Liberty Ave,Family Foot Center,"Gold Way, Pittsburgh",,ChIJU_jHBzfyNIgRN3WoeLEUloY,40.45794089999999,-79.9550345
46th St,Hometown Tattoo,"223 Grant Avenue, Millvale",4.9,ChIJUaMInGrzNIgRhdWpVM2g-pE,40.479004,-79.97200939999999
penn ave,Women & Girls Foundation-Swp,"3700 Butler Street Studio C, Pittsburgh",4.0,ChIJUeVIzVnxNIgRxXd2J3Upfkc,40.4662644,-79.9644211
penn ave,Steel City Speed & Custom,"100 40th Street, Pittsburgh",4.6,ChIJUeg7u7LzNIgRhckGWZEP3Qw,40.4708268,-79.9647737
penn ave,Allison McGeary Florist,"3625 Butler Street, Pittsburgh",4.7,ChIJV1v5o7TzNIgRQhWKjo3YUbo,40.46615010000001,-79.9650716
48th st,"Leone Electrical Contractors, LLC","1 Sheridan Street, Millvale",3.5,ChIJV3uvGAXzNIgRKiPBE0-oJxg,40.47745049999999,-79.97203119999999
butler st,The Parlor Dim Sum,"4401 Butler Street, Pittsburgh",4.4,ChIJV4HpDlLyNIgRnw3FBi-owp4,40.4716799,-79.9598796
Butler St,Barb's Corner Kitchen,"4711 Butler Street, Pittsburgh",4.3,ChIJV79ZZlHyNIgRA3nFHpLybEU,40.47449169999999,-79.957917
Butler St,Teamsters Local 249,"4701 Butler Street, Pittsburgh",5.0,ChIJVQ2CZFHyNIgRICjzgUIhCdg,40.4742738,-79.9580173
penn ave,Athena Bitcoin ATM,"4010 Penn Avenue, Pittsburgh",,ChIJVTZZcxDzNIgRDuCESAqo1pE,40.4649901,-79.9574344
penn ave,Mi Empanada,"4034 Butler Street, Pittsburgh",4.5,ChIJVV4HnqLxNIgRxbPYfPin_Wo,40.4693291,-79.9612259
penn ave,Mezcal Mexican Cantina,"4123 Butler Street, Pittsburgh",4.8,ChIJVbQic9zzNIgRmEsQQXRvNm0,40.47010760000001,-79.96096770000001
McCandless Ave,ATM,"313 North Avenue, Pittsburgh",,ChIJVbV6V6jzNIgRjD15Ngc1KTs,40.4821316,-79.97416009999999
penn ave,Ron Donoughe,"208 Main Street, Pittsburgh",5.0,ChIJVdhNu03yNIgR1lPcrYmdXbQ,40.4695931,-79.9607654
penn ave,Elisco's Creative Café,"3707 Butler Street, Pittsburgh",4.7,ChIJVxBcV7PzNIgRNFWWJFJ3Rdg,40.4665326,-79.96465839999999
penn ave,Citizens Bank,"Ronald McDonald House, 451 44th Street, Pittsburgh",3.0,ChIJW6Mn5lHyNIgR7Hj3Idv3c8g,40.46747000000001,-79.9539042
penn ave,"BCD Pink, Inc. Drop and Fluff!","Main Street, Pittsburgh",,ChIJWQe2tP_zNIgRSiMBmZgh5z4,40.46689879999999,-79.95673699999999
liberty ave,Mary Hamilton,"4302 Main Street, Pittsburgh",,ChIJWThlymXzNIgRB_x8LHK8Ego,40.464479,-79.9537829
liberty ave,Citizens,"4314 Penn Avenue, Pittsburgh",3.4,ChIJWZaLA0fyNIgRQ9a85BZ0gGw,40.4656989,-79.95371279999999
liberty ave,ACE Cash Express,"4528 Liberty Avenue, Pittsburgh",4.9,ChIJW_YAtEfyNIgR3diGDH-s0s0,40.4625411,-79.9510538
49th St,Shedquarters Self Pet Wash & Pet Supplies,"419 Grant Avenue, Pittsburgh",4.6,ChIJWwigGyvzNIgRAvMD9SjnEhg,40.4800704,-79.97382859999999
Stanton Ave,Pageboy Salon & Boutique,"420 North Avenue, Pittsburgh",4.9,ChIJWysyvbTzNIgRy1SGsoPrL2w,40.4827187,-79.9731363
penn ave,The Port,"3620 Butler Street, Pittsburgh",,ChIJX34-qQ3zNIgR3_sHNJwRPmI,40.46564370000001,-79.96474289999999
liberty ave,Wilson's Pharmacy,"4101 Penn Avenue A, Pittsburgh",4.3,ChIJX7iHLE_yNIgRdUvOLq0Zikg,40.465856,-79.955212
butler st,Vergil Architects,"4311 Butler Street, Pittsburgh",5.0,ChIJXW-RBd_zNIgRGIo1N_gF0WY,40.4711005,-79.96042829999999
52nd St,J P Paracca Flooring and Design,"221 North Avenue, Pittsburgh",4.6,ChIJXYlVhanzNIgRvS7OIfEGB00,40.48151289999999,-79.9747216
liberty ave,Liberty Tax,"4519 Liberty Avenue, Pittsburgh",3.8,ChIJXc6adlLyNIgRAMAezGNXF4w,40.46299450000001,-79.9510683
penn ave,Central Lawrenceville Neighborway,"401 Willow Street, Pittsburgh",,ChIJXcsmjCHzNIgR80PZD1hMMxE,40.470866,-79.9648959
penn ave,convive coffee roastery,"4032 Butler Street, Pittsburgh",4.7,ChIJXxJOonLzNIgRLoWk4qqp7D8,40.4692938,-79.9613086
51st st,Krusty the Neighborhood Cat,"2 Sedgwick Street, Pittsburgh",4.6,ChIJY1G6S_rzNIgRfr4HqWbSH5E,40.4793104,-79.97457370000001
penn ave,Magisterial District Court 05-03-10,"4211 Butler Street, Pittsburgh",2.1,ChIJY5JyhU3yNIgRqQThQZukgiI,40.4706663,-79.9606715
butler st,Lawrence Hall,"4609 Butler Street, Pittsburgh",4.1,ChIJY7vxeg3zNIgRbP8LKtK3xXc,40.47324649999999,-79.95882460000001
liberty ave,Shadyside Dental Laboratory,"4751 Liberty Avenue, Pittsburgh",,ChIJY9bkO0fyNIgRaAfTdMIiMRs,40.4614524,-79.9483489
butler st,Future Farms,"185 43rd Street, Pittsburgh",5.0,ChIJYQC4V0rzNIgRLq9ykYrDeBk,40.47109939999999,-79.96083569999999
McCandless Ave,Lloyd McBride Court,"614 Lincoln Avenue, Millvale",4.5,ChIJYS_GAajzNIgRdC__Xp5AsVk,40.4823236,-79.9749456
liberty ave,Budget Truck Rental,"4052b Liberty Avenue, Pittsburgh",2.3,ChIJYUogVEjyNIgRR9TuXAGf9So,40.46293709999999,-79.955347
penn ave,UPMC Children’s Hospital of Pittsburgh North Garage,"4100 Penn Avenue, Pittsburgh",5.0,ChIJYWR6nI7zNIgR54miK3JFOOQ,40.4679281,-79.95473799999999
penn ave,Black Cherry Design,"3818 Butler Street Suite 1, Pittsburgh",3.7,ChIJYXEY67TzNIgRFJuk7p5ot5s,40.4672237,-79.9638372
Plummer St,The River's Edge Radio Network,"415 Evergreen Avenue Suite 101, Millvale",5.0,ChIJYYTcEqjzNIgRApr4qqR5zLI,40.4811017,-79.9723102
34th St,Zenith Supply Co,"50 32nd Street, Pittsburgh",2.3,ChIJYZvzJrbzNIgRVexAyqMES0I,40.4623295,-79.9715849
liberty ave,Jak's Bakery,"4310 Main Street, Pittsburgh",5.0,ChIJYb5Qz_7tNIgRRN5YmPjBT0g,40.4642199,-79.9533556
liberty ave,Sapling Press,"4618 Friendship Avenue, Pittsburgh",4.4,ChIJYeTC57TzNIgR3WtfloP8Hoo,40.4640691,-79.9499675
penn ave,Julius Jason M DDS,"243 Fisk Street, Pittsburgh",5.0,ChIJYyOoS0zyNIgRro4-53Jnefo,40.4683881,-79.96006030000001
liberty ave,Stacy Jr J Matthew DDS,"4607 Liberty Avenue, Pittsburgh",5.0,ChIJZ08krUfyNIgR-EvNy-45Es0,40.462667,-79.950473
Penn Ave,Lawrenceville Place Town Houses,"360 Winesap Drive, Pittsburgh",5.0,ChIJZ5SxPFDyNIgReE3GSQ_jTdk,40.471244,-79.9548162
mccandless ave,Rebella Artistry,"849 Stanton Avenue, Pittsburgh",,ChIJZ691DK_zNIgRitU-U29uQQU,40.4807119,-79.9807488
penn ave,La Vostra Pizza,"4053 Butler Street, Pittsburgh",4.5,ChIJZ7lhHsj1NIgRi2cgsq74AH0,40.4694062,-79.96156119999999
Liberty Ave,Vinny's Alignment,"531 Melwood Avenue, Pittsburgh",4.6,ChIJZcCIEzfyNIgR35DWyI7TKuU,40.457129,-79.95448309999999
penn ave,Amazon Locker - Gull,"Rite Aid, 3939 Butler Street, Pittsburgh",,ChIJZeZr58HzNIgR3ZVTFiyTPUE,40.468985,-79.96325499999999
50th St,Lincoln's P&G Diner,"232 North Avenue, Pittsburgh",4.7,ChIJZymKEajzNIgR44saWOLvQ8w,40.481517,-79.97427689999999
liberty ave,"Dr. Amy H. Kao, MD","4815 Liberty Avenue, Pittsburgh",,ChIJ_1QDskDyNIgRVciXUw0ubXU,40.4606097,-79.946843
liberty ave,"Dean A Healy, MD","4815 Liberty Avenue Suite 158, Pittsburgh",,ChIJ_1QDskDyNIgRYvsi-z1DmHg,40.4610118,-79.94730779999999
47th St,Nova Cafe Millvale,"224 Grant Avenue, Pittsburgh",4.5,ChIJ_83TCKnzNIgRLYasLp7swIc,40.4792789,-79.97171039999999
penn ave,Espresso A Mano,"3623 Butler Street, Pittsburgh",4.7,ChIJ_85cpLTzNIgRQYRrGbqmWlI,40.4660544,-79.9651361
52nd St,Totaro’s Italian Eatery,"220 North Avenue, Millvale",3.4,ChIJ_8ixOeLzNIgRDtOMgy3N80g,40.4812342,-79.97438369999999
liberty ave,Keystone Physical Therapy,"4724 Essex Way, Pittsburgh",,ChIJ_9HTfjjyNIgREal8tyEQg-k,40.4599725,-79.9503782
butler st,V3 Flatbread Pizza,"4500 Butler Street, Pittsburgh",4.5,ChIJ_QYsGFLyNIgRZy6AxOT0gq8,40.4721169,-79.9590389
penn ave,The Salon Pgh,"3706 Butler St Field Day, 2nd Floor, Pittsburgh",,ChIJ_XbHpf3zNIgR4-cLJfKTxfI,40.4663709,-79.9643997
penn ave,Nilo Medical Consulting Group,"3706 Butler Street #313, Pittsburgh",,ChIJ__--1EryNIgR7zdlC0IuwyM,40.4663709,-79.9643997
56th St,Ironborn Contracting,"3018 Mount Troy Road, Pittsburgh",4.7,ChIJ__-T_aHzNIgRBjOUr_r5HTs,40.4788407,-79.9863853
liberty ave,By Binetti,"4106 Howley Street 1st Floor, Pittsburgh",,ChIJ__8rlu_zNIgRWb9svSOj1gs,40.4640645,-79.95357159999999
51st St,Celik Insurance Agency Inc.,"2407 Mount Troy Road, Pittsburgh",5.0,ChIJ_dnf0LzzNIgRWPbvK5s93U0,40.4726478,-79.9832129
penn ave,Carlton Club,"361 42nd Street, Pittsburgh",5.0,ChIJ_wCE9E7yNIgR17xRL-lJSC4,40.4679896,-79.95691959999999
34th St,Pittsburgh HVAC Services,"3414 Charlotte Street, Pittsburgh",4.9,ChIJ_wHxH5TyNIgRKmVmJ0rXxiA,40.4633499,-79.9675818
Liberty Ave,aspStation,"4736 Penn Avenue FL 2, Pittsburgh",4.0,ChIJa3Dq-0PyNIgR78wZMhDrjdw,40.4652856,-79.94670409999999
penn ave,Jeremy Raymer Outdoor Art Gallery,"183 35th Street, Pittsburgh",4.9,ChIJaR9SVLTzNIgR5aYcaS_sqwg,40.4643384,-79.9670029
34th St,Neumeyer Environmental Services Inc,"3527 Smallman Street, Pittsburgh",4.7,ChIJaU_jbrTzNIgR8Jlpw2nCa6o,40.4652411,-79.9672918
penn ave,Allegheny County Maintenance District 7,"40th Street, Pittsburgh",,ChIJaZjxzqTzNIgRF_5vdAv65Mc,40.47085259999999,-79.96496929999999
Penn Ave,Petraglia Auto Service,"3800 Liberty Avenue, Pittsburgh",4.7,ChIJawkyZkryNIgRISvzcd-KmxQ,40.4621558,-79.960595
liberty ave,Allegheny Health Network,"4800 Friendship Avenue, Pittsburgh",2.0,ChIJb-iIr0DyNIgRnMyS0DPaJtI,40.4609627,-79.94692119999999
butler st,The Abbey on Butler Street,"4635 Butler Street, Pittsburgh",4.3,ChIJb026fVHyNIgRp717s78G9n0,40.4738272,-79.9584053
penn ave,Umami,"202 38th Street, Pittsburgh",4.6,ChIJbTN0U7PzNIgRbg-WVM1LlSU,40.4666498,-79.9642252
liberty ave,Ream Kirsten L DDS,"4424 Penn Avenue, Pittsburgh",5.0,ChIJbX3k-UXyNIgRE3wP4NKikLw,40.4659087,-79.9526266
liberty ave,Pittsburgh Eye Associates,"4202 Penn Avenue, Pittsburgh",4.6,ChIJbX3k-UXyNIgRGpiWcu5cNtY,40.4656042,-79.9542106
penn ave,MASIMEX,"3812 Penn Avenue, Pittsburgh",,ChIJbYS2vEvyNIgRyOH4EqFezo0,40.464444,-79.96064700000001
liberty ave,Mach9 Robotics,"4041 Liberty Avenue STE 100, Pittsburgh",,ChIJbcly1ojzNIgR4NDnUU0auMY,40.4632515,-79.955743
penn ave,Joey Kennedy Photography,"330 46th Street, Pittsburgh",5.0,ChIJbeYILU7yNIgRbjxj9suP97k,40.4702054,-79.9558125
liberty ave,Sunoco Gas Station,"4068 Penn Avenue, Pittsburgh",2.7,ChIJbwnM00jyNIgRYCdtP14CQl8,40.46542960000001,-79.9553218
McCandless Ave,Custom Hair Studio,"227 North Avenue, Millvale",5.0,ChIJc0v6A1PzNIgRz9x40fArCP8,40.48166680000001,-79.9745439
penn ave,Sanctuary Pittsburgh,"3533 Butler Street, Pittsburgh",4.9,ChIJc18qRJjzNIgR0LqDRIPObFk,40.464947,-79.965942
liberty ave,COBRA,"4305 Main Street, Pittsburgh",4.2,ChIJc3XikMPzNIgRIMEvdV023JA,40.464199,-79.9529647
butler st,Chez Lapin,"100 43rd Street #105, Pittsburgh",5.0,ChIJcR1JaGvzNIgRV_iMCv08CAY,40.4725733,-79.9637281
liberty ave,Yolanda,"4606 Liberty Avenue, Pittsburgh",4.8,ChIJcVEorkfyNIgRozlRmi0AJfc,40.4623854,-79.9506748
50th St,Release & Restore Wellness Center,"501 Grant Avenue, Millvale",5.0,ChIJcY_WlrXzNIgR9OY5_63RPaQ,40.48034619999999,-79.9741396
liberty ave,Medical Rehabilitation Inc,"4412 Penn Avenue, Pittsburgh",,ChIJcYlmVk_yNIgR7ml7DQ4diUU,40.4658629,-79.9529759
45th St,Cousins Lounge,"203 Grant Avenue, Millvale",4.6,ChIJc_WdFqnzNIgR1OwpYf3aX-0,40.47874059999999,-79.97123710000001
48th St,Tough as nails,"30 Butler Street, Pittsburgh",4.5,ChIJcad7-ZrzNIgRfb02ksyIIbA,40.4796092,-79.9729567
liberty ave,Pizza Italia,"4512 Liberty Avenue, Pittsburgh",4.4,ChIJcahYNUbyNIgRkh-YFLBrnyk,40.46273180000001,-79.9515103
liberty ave,Heating & Air Conditioning,"4700 Lorigan Street, Pittsburgh",3.0,ChIJcyhvIjjyNIgRYc6H47SsRK0,40.4589789,-79.9524299
liberty ave,Bloomfield Bridge,"Martin Luther King Jr. East Busway, Pittsburgh",5.0,ChIJd0wWA6zzNIgRAJ2ox5hXVqw,40.4603451,-79.9559297
42nd st,Reserve Township,Reserve Township,,ChIJd2QdaXXzNIgR0J13ljHmHAc,40.4862334,-79.9892034
butler st,Kelly Lane,"100 43rd Street #108, Pittsburgh",,ChIJd3cEy1LyNIgRx6IZukmxUh4,40.4728608,-79.9638889
butler st,Helomics Corporation,"91 43rd Street #130, Pittsburgh",4.2,ChIJd4-V93PxNIgRWUDBXN_tvZU,40.473484,-79.96365349999999
liberty ave,Eisaman Contract Associates Inc,"4063 Liberty Avenue, Pittsburgh",,ChIJd5Oy9kjyNIgRqm0VA1ldva8,40.4635059,-79.954769
penn ave,Honey Hair Co.,"4053 Penn Avenue, Pittsburgh",4.9,ChIJdRvgXNXzNIgRpLlvrw4-UwE,40.4656332,-79.9559044
34th St,Perlora Warehouse,"3524 Charlotte Street, Pittsburgh",,ChIJdSkN9LTzNIgRhu1S3tz49do,40.4650863,-79.9665117
liberty ave,Nova Dental Associates: Waskowitz Joshua DDS,"4600 Liberty Avenue #1923, Pittsburgh",2.7,ChIJdaWdsUfyNIgR-gZZGCzEVWQ,40.4624191,-79.95089879999999
liberty ave,Nova Dental Associates Dr. Wolff,"4600 Liberty Avenue, Pittsburgh",3.0,ChIJdaWdsUfyNIgRNGli8DnWpAI,40.4624629,-79.9508432
liberty ave,Golba & Associates - Architecture,"4055 Liberty Avenue #3, Pittsburgh",,ChIJdb08-kjyNIgRoV9joqovTQc,40.4634452,-79.9550636
penn ave,Coinhub Bitcoin ATM Teller,"4000 Butler Street, Pittsburgh",,ChIJdc26lUDzNIgRaSfvzzMmqLc,40.4686869,-79.961652
penn ave,The Vandal,"4306 Butler Street, Pittsburgh",4.5,ChIJdfRhi03yNIgRi_2aR5XCEWU,40.4708202,-79.960028
butler st,The Juice Yard,"4417 Butler Street, Pittsburgh",,ChIJe04o9j_zNIgRRy7z7aSMcik,40.47207400000001,-79.9596771
44th St,Harold's Haunt,"142 Grant Avenue, Millvale",4.8,ChIJe2v4zy7zNIgRWiVQxxOcKPs,40.478621,-79.9706763
45th St,Eat Local Shop Small,"215 Grant Avenue, Millvale",,ChIJe31vNlSPyWcRZrYShwCegx0,40.4789463,-79.97159169999999
penn ave,New Alliance Federal Credit Union (Lawrenceville),"3709 Butler Street, Pittsburgh",4.3,ChIJe59Da2jzNIgR7BUFPAp-SoE,40.46662329999999,-79.964732
butler st,Pittsburgh Burrito Bus,"Parking, Lot 108 43rd Street, Pittsburgh",3.0,ChIJeVZdw6zzNIgR167wSvsiOTw,40.4724333,-79.9631394
52nd st,"Blackburn, Vint R, Md","132 Howard Street, Millvale",5.0,ChIJe_hM16fzNIgRQQRCSS9xNIE,40.480582,-79.97556
liberty ave,"Dr. Valerie C. Greene, MD","4221 Penn Avenue, Pittsburgh",,ChIJea3kNU_yNIgR582_68tcleE,40.4660384,-79.9540023
liberty ave,Pittsburg Pediatric Associates: Cowden Sharon N N MD,"4221 Penn Avenue # 402, Pittsburgh",,ChIJea3kNU_yNIgRPmG1U6xoo0I,40.465874,-79.9542556
liberty ave,"George J. Francis, MD","4727 Friendship Avenue #300, Pittsburgh",4.9,ChIJea3kNU_yNIgRwB5oHxRnLT0,40.4632342,-79.94816809999999
36th St,GAMMA Sports,"200 Waterfront Drive, Pittsburgh",4.4,ChIJeb3HUrfzNIgRs008BEwnyqU,40.4672393,-79.9746322
Butler St,Dragonfly Castle Toys,"4747 Butler Street, Pittsburgh",4.7,ChIJebuzGlTyNIgRMUfNPURJ6cs,40.4753826,-79.9578111
49th St,Bar 3 Millvale,"217 North Avenue, Millvale",4.5,ChIJecOqDajzNIgR9FecW2nyS0s,40.4814083,-79.9748153
mccandless ave,Smokeys Tavern Inc,"139 Howard Street, Millvale",4.4,ChIJefHX2KfzNIgRsN6QVnEjMB8,40.4809039,-79.9754387
plummer st,Graph-X Printing,"323 Stanton Avenue, Millvale",5.0,ChIJeyYM2KjzNIgRY5r79Vm8oXA,40.4778898,-79.97241799999999
penn ave,Clear Appraisals,"3923 Howley Street, Pittsburgh",5.0,ChIJezGL1EvyNIgR1IBd0nApFCA,40.46355190000001,-79.95870339999999
butler st,The Abbey Coffeehouse,"4633 Butler Street, Pittsburgh",,ChIJf-522EnzNIgR1CF7yM_KT4A,40.4737357,-79.9585122
liberty ave,Stylush Pittsburgh,"4600 Penn Avenue, Pittsburgh",4.7,ChIJf1AZPYrzNIgR-kw2lBQ3Mcc,40.4657146,-79.949449
liberty ave,Independent Enterprises LLC,"4420 Lorigan Street, Pittsburgh",,ChIJf3QuFwDzNIgRptcoYOdNv7U,40.4605937,-79.9549838
penn ave,Kelly's Korner,"285 45th Street, Pittsburgh",4.6,ChIJf3_qIU7yNIgRV2wqYv_dOiI,40.4706761,-79.9569121
53rd St,RPI Rentals,"409 North Avenue, Pittsburgh",2.5,ChIJf5BVigfzNIgRAqe_XboMv_I,40.482513,-79.973754
penn ave,KMA & Associates Inc,"3501 Butler Street, Pittsburgh",5.0,ChIJf5WP_bTzNIgR0AOSM7VyS_c,40.464214,-79.966593
penn ave,Krishna Ministry,"3513 Butler Street # 2, Pittsburgh",,ChIJf6q3-7TzNIgRZg-JTn4f3Og,40.4644379,-79.96627389999999
penn ave,Asian Influences,"3513 Butler Street, Pittsburgh",5.0,ChIJf6q3-7TzNIgR_56c0JGITI4,40.4644302,-79.9662797
44th St,Fine Wine & Good Spirits #223,"129 Lincoln Avenue, Millvale",4.3,ChIJfTVaNkHzNIgRAv-5EhN9_2g,40.478655,-79.9698852
48th St,99Stains,"421 Grant Avenue, Millvale",,ChIJfUkAXqjzNIgR-oOzOfZnltQ,40.4801531,-79.9738129
penn ave,CoinFlip Bitcoin ATM,"4201 Penn Avenue, Pittsburgh",,ChIJf_1nldXzNIgRc8DvMv_NOSE,40.46605719999999,-79.9544469
penn ave,Graham's Barber Shop,"3816 Butler Street, Pittsburgh",4.8,ChIJf_DQs0zyNIgRXW_C3Llhy7k,40.4672452,-79.9638114
penn ave,Pittsburgh Event Lighting,"1812 300 39th Street b, 300 39th Street, Pittsburgh",4.4,ChIJfbGgn0vyNIgRsIvc_M9JE8A,40.4650852,-79.9609206
penn ave,Fine Wine & Good Spirits,"4065 Butler Street, Pittsburgh",4.5,ChIJfc_cpk3yNIgRYXB_NI3e_M8,40.4695123,-79.9614182
liberty ave,Fazio's Pizza,"4028 Penn Avenue, Pittsburgh",4.6,ChIJfdbjNknyNIgRfLIY5-dxlQQ,40.46527080000001,-79.95683509999999
penn ave,Maniküre,"3516 Butler Street, Pittsburgh",4.7,ChIJffdF_LTzNIgREv9NA2KdlWM,40.464374,-79.965853
45th St,B-Sides Vintage,"214 Grant Avenue, Millvale",4.6,ChIJffiQ7ZHzNIgRb8jGQfQ12Dw,40.4791409,-79.9714044
liberty ave,Nothingman,"4744 Liberty Avenue, Pittsburgh",5.0,ChIJfwhECADzNIgRkBrkrjlNOXg,40.46118389999999,-79.9485251
47th St,Back To The Earth Healing Center,"23 Butler Street, Pittsburgh",5.0,ChIJfwiT9qjzNIgRs7mIbZa451I,40.47960500000001,-79.9733962
52nd st,Hahn Funeral Home & Cremation Services Inc,"123 North Avenue, Millvale",5.0,ChIJg5cC0afzNIgRIcQCzoRKMi8,40.4804767,-79.9757011
liberty ave,Progressive Office Cabling,"324 Taylor Street, Pittsburgh",3.7,ChIJg6PafchVNIgRcQRe5G6jmdM,40.46208199999999,-79.951639
butler st,River City Growers,"183 43rd Street, Pittsburgh",,ChIJgTokHFjzNIgREI5hmbG8iUw,40.4712137,-79.9608216
Penn Ave,O'Hara Apartments LLC,"3649 Liberty Avenue, Pittsburgh",3.3,ChIJgVyllkryNIgRihjouDKRazo,40.4621786,-79.9621229
penn ave,Lawrenceville Vision Care,"4321 Butler Street, Pittsburgh",4.2,ChIJga9hmE3yNIgRLBBmbdx5mVg,40.47124110000001,-79.9601031
butler st,The Foundry at 41st,"4107 Willow Street, Pittsburgh",4.4,ChIJgbYkVa3zNIgR33A3MPCseG4,40.472162,-79.9643936
50th St,Clark Barber Co.,"503 Grant Avenue, Pittsburgh",5.0,ChIJgbhyWB_zNIgRw7fCUBZrOZw,40.4803942,-79.97421279999999
45th St,Goosehead Insurance - Scott Davis,"146 Grant Avenue, Pittsburgh",5.0,ChIJgwNp6BnxNIgRXAmjC_WiusY,40.47877159999999,-79.97076349999999
liberty ave,Linea Verde Green Market,"4619 Liberty Avenue, Pittsburgh",4.9,ChIJh5-cqkfyNIgR0Oikxdv6q_g,40.4624386,-79.9501913
liberty ave,Merante's Bloomfield,"4723 Liberty Avenue, Pittsburgh",4.5,ChIJh9WSEEfyNIgRfHmo6d_9A0g,40.46183529999999,-79.94908629999999
penn ave,Penn Ave Garage,"422 44th Street, Pittsburgh",4.2,ChIJhSAgEe_zNIgRjUfHpkjRJB4,40.46768699999999,-79.9548789
34th St,Allegheny Plywood Co,"3433 Smallman Street, Pittsburgh",4.5,ChIJhUzqSrTzNIgRtSJllJcibgc,40.4642779,-79.96807989999999
stanton ave,Holy Spirit Church - St. Matthew Parish,"608 Farragut Street, Pittsburgh",4.8,ChIJhYRpzKfzNIgRRGLekeE4Gm8,40.4801274,-79.9760661
52nd st,Adelphoi Education,"608 Farragut Street, Millvale",5.0,ChIJhYRpzKfzNIgRv_YQBA1nYNg,40.4802828,-79.9765663
butler st,Frannies,"120 Banner Way, Pittsburgh",,ChIJhYYuX8fzNIgRVhv0lAVbcHo,40.471594,-79.96325809999999
penn ave,Merchant Oyster Co.,"4129 Butler Street, Pittsburgh",4.5,ChIJhbb-m03yNIgRUsWJ-htXSRY,40.4702203,-79.9607968
Liberty Ave,Sonitrol Security Systems Tbe Inc,"608 Melwood Avenue, Pittsburgh",5.0,ChIJhfuPCzfyNIgRwAhklbPTj_k,40.4577177,-79.95446419999999
penn ave,William Penn Tavern,"3810 Butler Street, Pittsburgh",4.4,ChIJi32qHBHyNIgRxPtrUFhiLBc,40.4669023,-79.9639902
penn ave,Removery Tattoo Removal & Fading,"3603 Butler Street, Pittsburgh",5.0,ChIJi3AkvLTzNIgR_3Z9c9wvVyY,40.4655902,-79.9653227
penn ave,Hunger Services Network - Food Distribution Center,"204 37th Street, Pittsburgh",5.0,ChIJiQYGr7TzNIgRar7C7ySNXto,40.4659896,-79.96459999999999
penn ave,Meals On Wheels,"204 37th Street #103, Pittsburgh",5.0,ChIJiQYGr7TzNIgRaw3OZdrE8Hs,40.4658826,-79.96449559999999
penn ave,Standard Realty Group,"4124 Butler Street, Pittsburgh",4.6,ChIJiYVbmE3yNIgR_5jca8jiWFU,40.4700053,-79.96065449999999
liberty ave,Allure,"4730 Liberty Avenue, Pittsburgh",5.0,ChIJib9qFEfyNIgR95YgYP9L3Rk,40.4614559,-79.9489423
Butler St,Busy Beaver,"4743 Plummer Street, Pittsburgh",4.3,ChIJie-n5FPyNIgRnfaxpmdcZiA,40.4753491,-79.9587572
49th St,Attic Record Store Inc,"513 Grant Avenue, Millvale",4.9,ChIJif42cKjzNIgRUMNHBPYEJrI,40.4806849,-79.9746859
liberty ave,Sausalido,"4621 Liberty Avenue, Pittsburgh",4.7,ChIJifg4qkfyNIgR78eJjin8_cI,40.462443,-79.950098
50th st,The Art of Game,"500 Farragut Street, Pittsburgh",5.0,ChIJiwPgVULzNIgRJTZKNaYZmfE,40.4791523,-79.9749491
penn ave,FRIO Creamery,"4127 Butler Street, Pittsburgh",4.7,ChIJizcYc_3zNIgRMsFtTaRF21E,40.47015419999999,-79.9608653
butler st,Mary Barensfeld Architecture,"212 45th Street 1st Fl - Suite 3, Pittsburgh",,ChIJj8EVzxd-j4AReliPyYIR7Fc,40.4719294,-79.9591294
penn ave,H&R Block,"4021 Butler Street, Pittsburgh",4.3,ChIJj8Lcu_GaqokRUwdvoWIE29g,40.469355,-79.96178669999999
50th St,Steel City Scuba,"220 North Avenue suite 4, Millvale",4.7,ChIJjYDnH0BeNIgRsLVFRKJ2jAU,40.481326,-79.9744827
penn ave,Sherri Williams MSEd LPC NCC ~ TheLovingChoice,"3495 Butler Street #101, Pittsburgh",,ChIJjZAsLTzyNIgRE1KnuK0niQM,40.463984,-79.96646009999999
45th St,Abeille Voyante Tea Co,"211 Grant Avenue, Millvale",5.0,ChIJjZdHFefzNIgR-EWidM38HBQ,40.4788844,-79.9715028
penn ave,Revival Print Co.,"4310 Butler Street, Pittsburgh",4.5,ChIJjwNVuFfyNIgRZOisUiJbtxI,40.47087349999999,-79.9600324
48th st,Concannon Plumbing,"227 Maryland Avenue, Pittsburgh",5.0,ChIJk-E3La_zNIgRRC1Yd-YxlIU,40.47730869999999,-79.9730096
47th St,FracTracker Alliance,"112 East Sherman Street, Pittsburgh",,ChIJk-fcL0TyNIgRBkmOkwjJyr0,40.4797979,-79.9713549
48th St,St Paul Cemetery,"2103 Highland Avenue, Pittsburgh",5.0,ChIJk0TXpLzzNIgRGoLfv_RGCkA,40.472154,-79.981473
34th st,Bernard Dog Run,"Hazelwood Trail, Pittsburgh",4.5,ChIJk4PtNLLzNIgRQOUikTWBMLg,40.4697723,-79.9682768
42nd st,Pitt Penn Industrial Supply,"2462 Pittview Avenue, Pittsburgh",,ChIJkSTg-a_zNIgRwbGKHIu6Gx8,40.4730845,-79.9750246
penn ave,Vanity Box Boutique,"4102 Butler Street, Pittsburgh",4.8,ChIJkWfMJinzNIgRjgLPu6b7f_w,40.46940959999999,-79.9611374
penn ave,Dr. Matthew Dianthony,"258 42nd Street, Pittsburgh",,ChIJkZMt2E3yNIgRHGE3vsQv4iI,40.4691058,-79.95859899999999
butler st,Vestis,"4415 Butler Street, Pittsburgh",4.9,ChIJk_9FsFfyNIgRT_QUM9bNxI4,40.4719428,-79.95956819999999
penn ave,Kiln N Time,"3801 Penn Avenue, Pittsburgh",4.6,ChIJkemCC0vyNIgR6ahYu0tseGQ,40.4647142,-79.9614637
42nd st,Tres Rios Sports,"50 River Front Drive, Millvale",5.0,ChIJkxK37jsyy4kRLMRaWjr_fbQ,40.4745571,-79.9697266
liberty ave,"Frederick L Porkolab, MD","4727 Friendship Avenue #180, Pittsburgh",,ChIJl-Y1wz_yNIgRh2NpfoJ0ey0,40.4632342,-79.948168
penn ave,Sixth Ward Republican Club,"3716 Penn Avenue, Pittsburgh",4.7,ChIJl0CJBUvyNIgReXJBf7EJpjw,40.4643556,-79.9617976
51st St,Doshi Bhavank V MD,"2100 James Drive, Pittsburgh",,ChIJl1r8kKPzNIgRnxbS5ydxUZc,40.4764553,-79.98153769999999
penn ave,42nd and Butler Street,"4208 Butler Street, Pittsburgh",4.3,ChIJl36DkU3yNIgRsAgLH4GqKys,40.47033330000001,-79.9602218
liberty ave,bp,"4006 Liberty Avenue, Pittsburgh",2.8,ChIJl3h2oknyNIgRCj8_7YNbIDQ,40.4626849,-79.9569544
liberty ave,Sunoco Gas Station,"Liberty At, 4779 South Mathilda Street, Pittsburgh",2.1,ChIJl86PSkfyNIgRtDV8D6WOFck,40.460995,-79.9473563
penn ave,Black Lotus Pizza,"4065 Penn Avenue, Pittsburgh",4.6,ChIJl93RPCLzNIgRTN1yoqz3FJc,40.4657139,-79.9555769
penn ave,"ISKCON Pittsburgh, PA","3513A Butler Street, Pittsburgh",5.0,ChIJlQpx-7TzNIgRNfAhdkf7PvQ,40.464408,-79.9663065
liberty ave,Liberty Beer,"4133 Liberty Avenue, Pittsburgh",4.7,ChIJlUF7nEjyNIgRgnsm08WgPr0,40.4638429,-79.9533426
penn ave,Distinctive Detailing,"199 38th Street, Pittsburgh",4.9,ChIJlXw3s0zyNIgRF1RGd-wFt1s,40.46726,-79.96459109999999
54th St,Love Place Photography,"2997 Houston Street, Pittsburgh",5.0,ChIJlY4CYbzuNIgRlYOQI5NTh_w,40.4780408,-79.98487949999999
penn ave,Informatics Studio Inc,"3509 Butler Street, Pittsburgh",,ChIJlbLX_LTzNIgRROa4ekWQnrU,40.464351,-79.9663659
liberty ave,Nowalk Lighting,"4017 Liberty Avenue, Pittsburgh",4.8,ChIJlx3WqUnyNIgRoP6D-Ay9csE,40.4632009,-79.9564164
penn ave,Retired Senior Volunteer Program,"3505 Butler Street #1314, Pittsburgh",,ChIJlx_eQFjxNIgRBTncDO2iipU,40.4642281,-79.9664047
52nd st,Thatdude,"25 Bateman Street, Millvale",,ChIJlxddrN3zNIgRFr8dF9LooAw,40.480739,-79.97864299999999
penn ave,The Nook,"3811 Butler Street, Pittsburgh",4.5,ChIJm-4CqZzzNIgR7EX7MH7PMTg,40.4672205,-79.9641709
penn ave,Allegheny Arsenal Historical Marker,"287-255 40th Street, Pittsburgh",3.0,ChIJm2Evn5XzNIgRyRTrZJUt4bg,40.4672303,-79.9605033
butler st,Service Master Mobile,"4326 Butler Street, Pittsburgh",,ChIJm3Lf3AT0yYkR2kHtZAFL_mY,40.4712336,-79.9597546
liberty ave,Twisters Ice Cream,"4210 Main Street, Pittsburgh",4.7,ChIJm7XwuEjyNIgRU2XykpK2_UI,40.4647322,-79.95413479999999
penn ave,Alchemy Dry Cut Lounge,"3524 Butler Street, Pittsburgh",4.7,ChIJm9XP5_XzNIgRE1IKqxv98zg,40.46464110000001,-79.965594
butler st,The Goldmark,"4517 Butler Street, Pittsburgh",4.4,ChIJmRIpO1LyNIgREhw1_1hilS8,40.4727304,-79.95916660000002
penn ave,Seasonal Nail Salon,"4302 Butler Street, Pittsburgh",4.1,ChIJmTWgjk3yNIgRR_L5Yq4U8j8,40.47066530000001,-79.9600758
liberty ave,China House,"4506 Liberty Avenue, Pittsburgh",4.2,ChIJmTdGy0fyNIgRnBcu5zadtoQ,40.46283709999999,-79.95167719999999
penn ave,Mint Massage,"4010 Butler Street, Pittsburgh",5.0,ChIJm_ouvMfzNIgRXSvRftkzQQM,40.4689753,-79.96186019999999
McCandless Ave,Eichenlaub - Outdoor Living Studio,"517 Lincoln Avenue, Millvale",5.0,ChIJmazSFajzNIgRM8l_8ITYNHM,40.48140689999999,-79.97404929999999
48th St,Terry Hohman Painting,"15 Hays Street, Pittsburgh",5.0,ChIJmwa5-6jzNIgRczW1a5KHPzM,40.479365,-79.972893
plummer st,Certified Pittsburgh Translation,"323 Stanton Avenue, Pittsburgh",5.0,ChIJn1IcrPDzNIgRMQZnTKfh77c,40.4778836,-79.9723937
penn ave,MK Motor Mart,"4036 Penn Avenue, Pittsburgh",4.3,ChIJn5M7xUrzNIgRqnv5tW6pDus,40.4652389,-79.9564043
52nd st,Millvale Max Fitness,"29 Sedgwick Street, Pittsburgh",,ChIJn5uWY6jzNIgRBoHrcCBvLWw,40.48014089999999,-79.9742833
liberty ave,Angelo's Pizzeria,"4768 Liberty Avenue, Pittsburgh",4.3,ChIJn862SEfyNIgRVibDFUOQzsI,40.4607398,-79.9478879
liberty ave,Smokin' Brews,"4055 Liberty Avenue Storefront, Pittsburgh",4.9,ChIJnZE8-kjyNIgRHKwDj08_WLI,40.4634411,-79.9550716
liberty ave,Massage Therapy,"4604 Liberty Avenue, Pittsburgh",3.9,ChIJnbn2rUfyNIgRgBq-ArRnEws,40.4624135,-79.9507313
liberty ave,The Bloomfield Laundromat,"4626 Liberty Avenue, Pittsburgh",,ChIJnfL7B0fyNIgRcBdF22urd50,40.462022,-79.950036
44th St,Distinctly U Kitchen & Bath Design Center & Showroom,"419 East Ohio Street, Millvale",3.6,ChIJnwnTwqvzNIgRsuejaQ9Ek4M,40.4782825,-79.96908069999999
liberty ave,Drake Liberty Building,"4123 Liberty Avenue, Pittsburgh",,ChIJoXWnmkjyNIgRwc5NJAfowbc,40.4636356,-79.9535397
penn ave,Wendy's,"4001 Butler Street, Pittsburgh",3.0,ChIJoacKHk3yNIgRuTyIvX6tIHY,40.469128,-79.96232359999999
34th St,A. R. Chambers Supply,"111 35th Street, Pittsburgh",4.9,ChIJobz8N7TzNIgRK8U-b41LwOc,40.46508199999999,-79.96827019999999
penn ave,Schifino Design,"347 Main Street, Pittsburgh",,ChIJowdb207yNIgRvSL2iGbjG-I,40.4666398,-79.95628459999999
penn ave,The Journeyman's Table,"3523 Penn Avenue, Pittsburgh",,ChIJoztp4qvzNIgR1Yvp3Oo6gUk,40.464332,-79.9640994
penn ave,Andy Johanson,"Side Door, 4100 Davison Street, Pittsburgh",5.0,ChIJp-oui03yNIgR_xwMPLd8VV8,40.46898319999999,-79.9589723
liberty ave,Pediatric Child Advocacy Center at UPMC Children's Hospital of Pittsburgh,"4401 Penn Avenue Floor 2, Pittsburgh",3.0,ChIJp9jek9DtNIgR3mNIi9tacrM,40.4659273,-79.9547027
Penn Ave,The Breadless Blonde,"3477 Denny Street, Pittsburgh",,ChIJpRKKqozzNIgRunyYg59v6fY,40.4633943,-79.9641868
liberty ave,B & M Automotive Services,"4301 Main Street, Pittsburgh",4.2,ChIJpUUvokjyNIgRsiHVziX1SN0,40.4643614,-79.9531729
liberty ave,"Herky's Food Products, Inc.","4507 Minerva Street, Pittsburgh",4.3,ChIJpUuZA0jyNIgRilfeI4Oi8gs,40.46067,-79.9533469
39th St,43rd Street Concrete,"1 43rd Street, Pittsburgh",4.5,ChIJpf0dxazzNIgR6NRXkdLJ81g,40.4751821,-79.9645814
penn ave,Eleventh Hour Brewing,"3711 Charlotte Street, Pittsburgh",4.6,ChIJpwwDZ7PzNIgRd9bbaWBbXm4,40.467035,-79.9654264
penn ave,Diesel Barbershop Lawrenceville,"3929 1/2 Butler Street, Pittsburgh",4.6,ChIJpx1-y87zNIgRgz3cgwyszVw,40.4681519,-79.9632584
50th St,Esther's Hobby Shop,"219 North Avenue, Millvale",4.8,ChIJpyDdDajzNIgRROuCpduaAzc,40.481468,-79.974755
liberty ave,Hairsmith,"4043 Penn Avenue, Pittsburgh",4.9,ChIJq0pbLUnyNIgRDq57rHU_m3E,40.4656657,-79.95630109999999
penn ave,Arsenal Middle School,"220 40th Street, Pittsburgh",4.4,ChIJq2xE6kzyNIgREMWZaBpUETw,40.4672279,-79.9628524
Penn Ave,Yoga Factory Pittsburgh - Lawrenceville,"3418 Penn Avenue, Pittsburgh",4.8,ChIJq3Ze4NzzNIgRZQBgqyzz1FA,40.46294889999999,-79.9664827
butler st,Wagner Shoes,"4313 Butler Street, Pittsburgh",4.8,ChIJq64Gik3yNIgRZ169RtEGwOY,40.47109590000001,-79.9602426
liberty ave,Edmond Square,"507 Edmond Street, Pittsburgh",,ChIJq6paXkfyNIgR94stYXNHUmU,40.4602025,-79.9485407
butler st,"Shane A Eikenberry, MD","193 43rd St and, Butler Street, Pittsburgh",5.0,ChIJq825iE3yNIgR2lDehBAeG0U,40.4708505,-79.96046179999999
liberty ave,Tina's,"4114 Main Street, Pittsburgh",4.8,ChIJq9j3zkjyNIgRQxzY0M1X8lk,40.46518329999999,-79.9547722
penn ave,Pittsburgh Furniture Company,"4312 Butler Street, Pittsburgh",4.8,ChIJqX9Vik3yNIgRdgSZ4jcKDXg,40.47093640000001,-79.9600074
liberty ave,YINZ Coffee Bloomfield,"4525 Liberty Avenue, Pittsburgh",4.7,ChIJqbAgM-LzNIgR9JdYfVlf4w8,40.4628894,-79.95086719999999
liberty ave,Paul Lumber & Supply,"4072 Liberty Avenue, Pittsburgh",4.5,ChIJqfNfikjyNIgREcKkghPLwKk,40.4630587,-79.95441919999999
butler st,Walter's BBQ Southern Kitchen,"4501 Butler Street, Pittsburgh",4.1,ChIJqxndwrHzNIgRUt455T2q_bE,40.4725527,-79.9593924
butler st,Genesis Concrete Structures,"4615 Eden Way, Pittsburgh",,ChIJr1IJLFLyNIgR9X_Edoo-OP8,40.4735108,-79.9588854
liberty ave,Kelevra Ideas,"4800 Liberty Avenue, Pittsburgh",,ChIJr2erAbXzNIgR2eWMieed9WM,40.4603532,-79.9470254
liberty ave,Gypsy Tattoo Parlor,"4061 Penn Avenue, Pittsburgh",4.8,ChIJr4J61U7yNIgR6z33EovBKOo,40.46567340000001,-79.9556443
56th St,Painting N' At,"223 Karen Drive, Millvale",5.0,ChIJr5vuxhnzNIgRNqsMc784Qfk,40.4800374,-79.9849748
Liberty Ave,Training Revelations,"605 Melwood Avenue, Pittsburgh",5.0,ChIJrTLSyBDyNIgRAbSF0QtgMZE,40.4573768,-79.9546343
butler st,SeqCenter,"91 43rd Street Suite 250, Pittsburgh",,ChIJrZ3nO7vzNIgRFnRjeDCCkwA,40.473351,-79.963422
50th St,Studio PDP Letterpress & Illustration,"507 1/2 Grant Avenue, Millvale",5.0,ChIJr_ucC8rzNIgRWJoZW41QtgE,40.4805251,-79.9744267
liberty ave,Taylor Street Parking Plaza,"220 Taylor Street, Pittsburgh",,ChIJre2NWkbyNIgRKw2AuAY3baE,40.4632789,-79.9504347
Butler St,E Properties and Development,"4735 Butler Street, Pittsburgh",4.0,ChIJryiTW1HyNIgRTWiQ6IB_80U,40.4750773,-79.957996
52nd St,Linked Hair Salon,"223 North Avenue, Millvale",4.9,ChIJrz5xWVPzNIgRNS6KhhcRWWc,40.4815508,-79.9746198
penn ave,The Things You Want,"230 43rd Street, Pittsburgh",,ChIJs0m48erzNIgRpLFnQwlXO-c,40.46996629999999,-79.9593383
liberty ave,Pennsylvania TCOM Collaborative,"225 Taylor Street, Pittsburgh",,ChIJs34UV0byNIgRWedC5eHVQ8g,40.46320519999999,-79.95030369999999
liberty ave,Miloser Stephen J DMD,"4815 Liberty Avenue #141, Pittsburgh",,ChIJsVQDskDyNIgRSE_rO4f_ULU,40.4606082,-79.9468447
liberty ave,Jessell Susan A,"4815 Liberty Avenue # G 70, Pittsburgh",,ChIJsVQDskDyNIgRZZAp-ldsRsg,40.4606097,-79.946843
liberty ave,"Maria J. Sunseri, MD, LLC, Practice of Sleep Medicine","4815 Liberty Avenue Suite 156, Pittsburgh",2.8,ChIJsVQDskDyNIgRvTcUFI17wLw,40.4609425,-79.94737959999999
liberty ave,Walkowski Agency,"4757 Liberty Avenue, Pittsburgh",5.0,ChIJsX8IOUfyNIgRF-oXowA7aRo,40.4613894,-79.94814690000001
Liberty Ave,Level Up Studios,"4836 Penn Avenue, Pittsburgh",4.7,ChIJsX_w3EPyNIgR1bOw_exVPsU,40.4652445,-79.9457305
44th St,Tri State Home Care Inc.,"149 Grant Avenue, Millvale",3.5,ChIJsbI3FanzNIgRLYkS4d4yUb8,40.4785979,-79.9709432
stanton ave,Corsair Fencing Club,"106 North Avenue, Millvale",5.0,ChIJsbodDevyNIgRjAV103giq3s,40.47996569999999,-79.97565709999999
butler st,Shoppe B - Brenda Friday Design,"4434 Butler Street, Pittsburgh",5.0,ChIJt-UoR3TzNIgRlRVU5DeVseI,40.4719259,-79.9591256
53rd St,Daljit Singh & Associates: Signh Daljit MD,"420 North Avenue, Millvale",1.0,ChIJt1YnhAfzNIgRY4_WaLqko34,40.48283929999999,-79.97341089999999
penn ave,Three Rivers Packaging Div. of The Cary Company,"20 39th Street, Pittsburgh",5.0,ChIJt2Iah1N9NIgR6ebHrvxEDRY,40.46987679999999,-79.9670805
penn ave,New Arsenal Park,"260 39th Street, Pittsburgh",,ChIJt2jGaQDzNIgRUtAf3rNL8pA,40.4662021,-79.9619917
liberty ave,Da Vita Healthcare Inc,"4312 Penn Avenue, Pittsburgh",,ChIJtQtxS0_yNIgRlkc6QzERHXY,40.4656242,-79.9539061
butler st,Icehouse Parking,"Willow Street, Pittsburgh",4.0,ChIJtSPb7mjzNIgR2b4mIq5OWd4,40.4725322,-79.9634835
penn ave,Gemini Vintage,"3534 Butler Street, Pittsburgh",5.0,ChIJtZohTsDzNIgRSE5p7gwjLqk,40.464828,-79.9654844
51st st,A519 Chocolate,"2 Sedgwick Street, Millvale",5.0,ChIJtcJmhKjzNIgRzq9V8lrSGHY,40.4793104,-79.97457370000001
penn ave,Long Story Short,"3705 Butler Street, Pittsburgh",4.6,ChIJtcpyWLPzNIgR2RYLdF1jMVo,40.46650410000001,-79.9647863
butler st,Inkwell Coffee Shop,"4419 Butler Street, Pittsburgh",4.5,ChIJtwdryN_zNIgR9QxZXCx3HHw,40.47209170000001,-79.9596583
liberty ave,Schubert Plumbing and Heating,"4618 Penn Avenue, Pittsburgh",,ChIJu2QDI0TyNIgRHRUOdJ3qc4Y,40.465608,-79.9487877
37th st,Herrs Island North Park Lookout Point,"100 Waterfront Drive, Pittsburgh",5.0,ChIJu8TfzkrzNIgRiPxRcyvwqBg,40.4700515,-79.9725217
penn ave,Frankie's Extra Long,"3535 Butler Street, Pittsburgh",4.6,ChIJu8lO6bTzNIgRTk57p9qMxLQ,40.4649824,-79.96585019999999
penn ave,Allegheny County Health Department Public Health Laboratory,"8, 3901 Penn Avenue #3, Pittsburgh",3.5,ChIJu9PB-kvyNIgRz_GgiXjSs2c,40.4654045,-79.95903969999999
49th St,Iron Born Pizza | Millvale,"413 Grant Avenue, Pittsburgh",4.4,ChIJubRmpF3zNIgRtEE5f1jcmRY,40.4800685,-79.9736961
42nd St,West Penn Laco - NORTH - Millvale,"331 East Ohio Street, Pittsburgh",5.0,ChIJuxb_V6nzNIgRabziSR7Bchw,40.4775493,-79.9697807
Plummer St,7Th Sense Salon,"314 Grant Avenue, Pittsburgh",5.0,ChIJuytS8B3zNIgR71Nzdk5SYCo,40.47969140000001,-79.9725708
liberty ave,Scoops In Bloomfield,"4806 Liberty Avenue, Pittsburgh",4.6,ChIJuzsZrEDyNIgRj-A18kQHuIQ,40.46031370000001,-79.94685609999999
penn ave,spruce & adorn,"3609 Butler Street, Pittsburgh",3.9,ChIJv2DojCLzNIgRNwEZH0Z6s1A,40.46569749999999,-79.96525869999999
penn ave,Driftwood Oven,"3615 Butler Street, Pittsburgh",4.7,ChIJv3LUorTzNIgRvwY5DAgTA1s,40.46588969999999,-79.96511799999999
Butler St,"PrimeLending, A PlainsCapital Company - Pittsburgh","4723 Butler Street Suite 1, Pittsburgh",4.9,ChIJv69z9nPxNIgRKqBAnFa6LrM,40.4747954,-79.9579311
penn ave,Industry Public House,"4305 Butler Street, Pittsburgh",4.1,ChIJv6siiU3yNIgRY1K4PUwSTvY,40.47092200000001,-79.960374
liberty ave,Starbucks,"4765 Liberty Avenue, Pittsburgh",4.4,ChIJv80hSkfyNIgRNZnI9Dxc-n4,40.46106700000001,-79.947637
butler st,RedStone Place,"265 46th Street, Pittsburgh",4.8,ChIJvRdwylHyNIgR4FYMEgdAaQo,40.4717875,-79.9563388
butler st,The Irving and Aaronel deRoy Gruber Foundation,"The Ice House Studios, 100 43rd Street Unit 114, Pittsburgh",5.0,ChIJvSXDEwjzNIgRj2egsE0edC4,40.4729117,-79.9636664
liberty ave,Studio 4,"4609 Liberty Avenue, Pittsburgh",4.9,ChIJvUAjWwTzNIgRwlR7givSmbM,40.4626319,-79.95043749999999
penn ave,Saint Padre Pio Parish,"225 37th Street, Pittsburgh",4.8,ChIJvUDqUkvyNIgRNVnJh6fPNdQ,40.4652168,-79.9639261
liberty ave,Cullen & Associates,"4012 Liberty Avenue, Pittsburgh",5.0,ChIJvWd72GryNIgRvksohKS3unE,40.4625828,-79.95659309999999
liberty ave,Srodes Charles H MD,"4727 Friendship Avenue Suite 340, Pittsburgh",,ChIJva3GwkbyNIgRItPGPu-e7qo,40.4632342,-79.94816809999999
liberty ave,Not Usual Studios,"4610 Liberty Avenue, Pittsburgh",5.0,ChIJvcKDS4ntNIgR4NskPzX9IIg,40.4622852,-79.9505423
butler st,Rosewater Cafe,"4316 Butler Street, Pittsburgh",5.0,ChIJvcv0Vi_zNIgRsXviuAuZ41E,40.4710517,-79.9597953
penn ave,Arsenal 201,"147 39th Street, Pittsburgh",4.3,ChIJvfXkI7PzNIgRM3oWhuiiVYU,40.468942,-79.96468159999999
liberty ave,Game of Fades,"4524 Liberty Avenue, Pittsburgh",4.6,ChIJvwQZ-p_zNIgRbTkPgVbAyxs,40.4625216,-79.951219
liberty ave,Green Daffodil,"4106 Howley Street, Pittsburgh",,ChIJw0NpZGzzNIgRJxCN-BPr0io,40.4640644,-79.9535715
55th st,Junk Magician,"115 Colton Street, Pittsburgh",5.0,ChIJw0nT9i_zNIgR03Xg0Rc18xg,40.4821865,-79.9764977
34th St,Pressure Chemical Co,"3419 Smallman Street, Pittsburgh",5.0,ChIJw58uyrXzNIgR8b11GBSWZJQ,40.463963,-79.96838199999999
liberty ave,Lower Bloomfield Unity Council,"343 Cedarville Street, Pittsburgh",,ChIJw6uEe0fyNIgRBQlWXTKYqZg,40.460439,-79.949546
penn ave,Ronald McDonald House,"451 44th Street, Pittsburgh",4.4,ChIJw6xBTAryNIgRl0uXcu-HIKE,40.467431,-79.9539156
plummer st,Vecenies Distributing,"317 Stanton Avenue, Pittsburgh",4.3,ChIJw8gq6e3zNIgRggNP50HJ0Tk,40.477829,-79.97212560000001
penn ave,Take A Break Bar,"3825 Penn Avenue, Pittsburgh",4.3,ChIJw9-dokvyNIgRsEY8xk496LY,40.4648945,-79.9606154
penn ave,Istanbloom Mediterranean Restaurant,"4109 Penn Avenue, Pittsburgh",5.0,ChIJwQBpXhXzNIgR1o9rfSrtR7M,40.4659284,-79.9548775
45th St,"Dr. Robert L. Carrell, MD","111 Sheridan Street, Millvale",3.7,ChIJwZi8cqnzNIgRhtjtoEuFxfk,40.4790017,-79.97100089999999
52nd St,Pro Towing Service,"211 North Avenue, Millvale",3.0,ChIJw_oGyLfzNIgR9RsR8AEACLg,40.4812556,-79.9749528
51st St,MRC Copywriting Service,"4101 Mary Drive, Pittsburgh",5.0,ChIJwbGXBAHzNIgRQ7F8hD4csbI,40.4759277,-79.9823384
penn ave,Cilantro & Ajo,"4017 Butler Street, Pittsburgh",4.7,ChIJwfaFMAXzNIgRkweT0rMrsR0,40.4693027,-79.9618624
penn ave,Ed's,"248 38th Street, Pittsburgh",5.0,ChIJwxGgXEvyNIgRIXIoyWkh8Co,40.4657279,-79.9629975
butler st,ESTAT Actuation,"91 43rd Street, Pittsburgh",,ChIJwxtqExvzNIgR2afluwOuJYY,40.473351,-79.963422
butler st,LAWRENCEVILLE BOAT LAUNCH,"0048H00200000000, Pittsburgh",,ChIJxVfDHY7zNIgRu16aPB5zRks,40.4716101,-79.9672358
45th St,Grist House Craft Brewery,"10 East Sherman Street, Pittsburgh",4.8,ChIJxVy9G6nzNIgRLFFQap_SmqM,40.4787139,-79.9722824
liberty ave,Woolslair Elementary School,"501 40th Street, Pittsburgh",3.3,ChIJxXPIdknyNIgRk1bL9ZS3DuU,40.4631909,-79.9571285
penn ave,Arsenal Beer Emporium,"4104 Butler Street, Pittsburgh",4.8,ChIJxY5OAwjzNIgRTWEXoQoClxg,40.46939700000001,-79.9608762
Stanton Ave,Three Rivers Tattoo,"524 Grant Avenue floor 2, Millvale",4.7,ChIJxZBjZajzNIgRj4GvDPTX5mk,40.4810224,-79.9747074
butler st,Catalyst Lofts,"141 41st Street, Pittsburgh",4.5,ChIJxfd3XU3yNIgRmFs8Sh_iSug,40.4708499,-79.9626619
liberty ave,Rust Belt Relix,"307 Taylor Street, Pittsburgh",5.0,ChIJy2iWtlLzNIgROSswPtkBGgc,40.4621525,-79.9509984
penn ave,"Walter J. Zalewski Funeral Homes, Inc.","216 44th Street, Pittsburgh",4.7,ChIJy3BQBlLyNIgR3P1tLRqiAOQ,40.4709689,-79.9593557
penn ave,The Glass Whale Vape & Smoke Shop,"3818 Butler Street, Pittsburgh",5.0,ChIJy3zXG4LzNIgRzzCr3ah6dbY,40.4672237,-79.9638372
butler st,Golden Goat,"4319 Butler Street, Pittsburgh",4.8,ChIJy91oMU7zNIgRm64XNWImLlg,40.47123190000001,-79.96024369999999
penn ave,Huemor,"3706 Butler Street STE 324, Pittsburgh",5.0,ChIJyQmHBlTxNIgRX_IhvejVZh0,40.4663709,-79.9643997
butler st,No. 14,"4601 Butler Street, Pittsburgh",4.1,ChIJyT5EL1LyNIgR2DneN02WIcQ,40.47295190000001,-79.95884269999999
34th St,Salonika Imports,"3509 Smallman Street, Pittsburgh",4.8,ChIJyTyxT7TzNIgRnMNKpyk-XEM,40.4647526,-79.96782309999999
45th St,Scott's Barber Shop,"205 Grant Avenue, Millvale",4.9,ChIJyWWVFqnzNIgRo7lMSaiNEBg,40.47873,-79.97137599999999
44th St,ACE Cash Express,"129 Lincoln Avenue, Pittsburgh",4.9,ChIJyeG2Y6nzNIgR5VjRXYOW9K4,40.47867420000001,-79.9699392
42nd st,Millvalle Riverfront Park,"54 River Front Drive, Millvale",4.9,ChIJz245Y0jzNIgRjXOiOt2-F3g,40.4745475,-79.9694219
liberty ave,Taste of India,"4320 Penn Avenue, Pittsburgh",4.3,ChIJz3fkUU_yNIgRz8ny6o9Dcos,40.46576940000001,-79.9535236
liberty ave,Dan Cercone Barber Shop,"4720 Liberty Avenue, Pittsburgh",4.7,ChIJz4fxEUfyNIgR8tvfxlBf9rg,40.46159,-79.949339
52nd st,Sperling Family Funeral Services,"123 North Avenue #1, Pittsburgh",,ChIJz6w916fzNIgRBk9iuEIE8mw,40.4804767,-79.9757011
liberty ave,Tram's Kitchen,"4050 Penn Avenue, Pittsburgh",4.6,ChIJzV7wK0nyNIgRgtFZ1GerHV0,40.46540299999999,-79.955962
48th St,Quiet Retreat Therapy,"216 Grant Avenue, Millvale",5.0,ChIJzxtmc2jzNIgRXD07ZM_4Xmk,40.4791818,-79.9714522
